Workbook
Name ave: KPIs!$Q$2
Name average: #REF!
Name coupon: Trends_Calculator!$K$13
Name least: KPIs!$H$5
Name max: #REF!
Name min: #REF!
Name pay: Trends_Calculator!$D$13
Name product: KPIs!$H$3
Name quantity: KPIs!$S$2
Name refer: Trends_Calculator!$S$13
Name Slicer_Year: #N/A
Name total: KPIs!$L$2
Name year: Trends_Calculator!$D$13

Sheet Raw Data
A1: OrderID | B1: Date | C1: CustomerID | D1: Product | E1: Quantity | F1: UnitPrice | G1: ShippingAddress | H1: PaymentMethod | I1: OrderStatus | J1: TrackingNumber | K1: ItemsInCart | L1: CouponCode | M1: ReferralSource | N1: TotalPrice
A2: ORD200000 | B2: 44930 | C2: C72649 | D2: Monitor | E2: 5 | F2: 570.62 | G2: 928 Main St | H2: Debit Card | I2: Shipped | J2: TRK37947903 | K2: 7 | L2: SAVE10 | M2: Instagram | N2: 2853.1
A3: ORD200001 | B3: 45527 | C3: C75739 | D3: Phone | E3: 2 | F3: 151.35 | G3: 823 Main St | H3: Online | I3: Shipped | J3: TRK91186779 | K3: 3 | L3: SAVE10 | M3: Referral | N3: 302.7
A4: ORD200002 | B4: 45349 | C4: C81728 | D4: Tablet | E4: 5 | F4: 550.68 | G4: 512 Main St | H4: Credit Card | I4: Cancelled | J4: TRK42903982 | K4: 8 | L4: FREESHIP | M4: Email | N4: 2753.4
A5: ORD200003 | B5: 45214 | C5: C33540 | D5: Chair | E5: 1 | F5: 273.19 | G5: 275 Main St | H5: Debit Card | I5: Returned | J5: TRK62788070 | K5: 5 | L5: SAVE10 | M5: Facebook | N5: 273.19
A6: ORD200004 | B6: 45785 | C6: C81840 | D6: Printer | E6: 4 | F6: 626.01 | G6: 668 Main St | H6: Online | I6: Delivered | J6: TRK29241424 | K6: 8 | L6: SAVE10 | M6: Email | N6: 2504.04
A7: ORD200005 | B7: 45222 | C7: C37249 | D7: Phone | E7: 2 | F7: 245.86 | G7: 934 Main St | H7: Credit Card | I7: Shipped | J7: TRK72976927 | K7: 4 | L7: SAVE10 | M7: Instagram | N7: 491.72
A8: ORD200006 | B8: 45825 | C8: C83492 | D8: Laptop | E8: 1 | F8: 664.42 | G8: 986 Main St | H8: Gift Card | I8: Returned | J8: TRK96417362 | K8: 6 | L8: SAVE10 | M8: Facebook | N8: 664.42
A9: ORD200007 | B9: 45058 | C9: C41460 | D9: Monitor | E9: 5 | F9: 149.55 | G9: 706 Main St | H9: Cash | I9: Shipped | J9: TRK78809193 | K9: 9 | L9: FREESHIP | M9: Facebook | N9: 747.75
A10: ORD200008 | B10: 45749 | C10: C26817 | D10: Phone | E10: 2 | F10: 134.28 | G10: 904 Main St | H10: Gift Card | I10: Cancelled | J10: TRK61042692 | K10: 2 | M10: Email | N10: 268.56
A11: ORD200009 | B11: 45251 | C11: C31946 | D11: Desk | E11: 4 | F11: 509.38 | G11: 102 Main St | H11: Credit Card | I11: Shipped | J11: TRK33478363 | K11: 6 | L11: SAVE10 | M11: Google | N11: 2037.52
A12: ORD200010 | B12: 45289 | C12: C43443 | D12: Tablet | E12: 5 | F12: 625.97 | G12: 333 Main St | H12: Credit Card | I12: Returned | J12: TRK98859248 | K12: 9 | L12: WINTER15 | M12: Instagram | N12: 3129.85
A13: ORD200011 | B13: 45339 | C13: C93861 | D13: Monitor | E13: 3 | F13: 49.14 | G13: 831 Main St | H13: Online | I13: Returned | J13: TRK48234646 | K13: 7 | L13: SAVE10 | M13: Email | N13: 147.42
A14: ORD200012 | B14: 45580 | C14: C38785 | D14: Monitor | E14: 2 | F14: 180.5 | G14: 179 Main St | H14: Debit Card | I14: Pending | J14: TRK20419991 | K14: 6 | L14: FREESHIP | M14: Referral | N14: 361
A15: ORD200013 | B15: 45168 | C15: C88348 | D15: Laptop | E15: 3 | F15: 201.49 | G15: 903 Main St | H15: Credit Card | I15: Returned | J15: TRK81913874 | K15: 4 | L15: FREESHIP | M15: Facebook | N15: 604.47
A16: ORD200014 | B16: 45012 | C16: C98474 | D16: Tablet | E16: 2 | F16: 393.33 | G16: 980 Main St | H16: Debit Card | I16: Pending | J16: TRK79186539 | K16: 3 | L16: SAVE10 | M16: Instagram | N16: 786.66
A17: ORD200015 | B17: 45124 | C17: C39416 | D17: Printer | E17: 1 | F17: 473.96 | G17: 942 Main St | H17: Cash | I17: Delivered | J17: TRK54930938 | K17: 3 | M17: Google | N17: 473.96
A18: ORD200016 | B18: 44950 | C18: C28976 | D18: Printer | E18: 2 | F18: 533.81 | G18: 914 Main St | H18: Credit Card | I18: Pending | J18: TRK13194259 | K18: 3 | L18: FREESHIP | M18: Email | N18: 1067.62
A19: ORD200017 | B19: 45353 | C19: C60672 | D19: Tablet | E19: 1 | F19: 423.4 | G19: 382 Main St | H19: Debit Card | I19: Shipped | J19: TRK11972116 | K19: 3 | M19: Referral | N19: 423.4
A20: ORD200018 | B20: 45742 | C20: C84329 | D20: Desk | E20: 1 | F20: 431.44 | G20: 891 Main St | H20: Gift Card | I20: Pending | J20: TRK65191045 | K20: 3 | L20: SAVE10 | M20: Facebook | N20: 431.44
A21: ORD200019 | B21: 44949 | C21: C14552 | D21: Monitor | E21: 5 | F21: 224 | G21: 273 Main St | H21: Cash | I21: Returned | J21: TRK59101365 | K21: 9 | L21: SAVE10 | M21: Google | N21: 1120
A22: ORD200020 | B22: 45054 | C22: C54829 | D22: Chair | E22: 5 | F22: 62.51 | G22: 587 Main St | H22: Cash | I22: Pending | J22: TRK16718651 | K22: 9 | L22: WINTER15 | M22: Instagram | N22: 312.55
A23: ORD200021 | B23: 45613 | C23: C99023 | D23: Monitor | E23: 4 | F23: 342.95 | G23: 569 Main St | H23: Cash | I23: Delivered | J23: TRK52646983 | K23: 6 | M23: Google | N23: 1371.8
A24: ORD200022 | B24: 44955 | C24: C34416 | D24: Monitor | E24: 2 | F24: 49.62 | G24: 633 Main St | H24: Online | I24: Pending | J24: TRK75937350 | K24: 2 | L24: SAVE10 | M24: Google | N24: 99.24
A25: ORD200023 | B25: 45756 | C25: C42372 | D25: Phone | E25: 4 | F25: 273.25 | G25: 755 Main St | H25: Debit Card | I25: Cancelled | J25: TRK36168083 | K25: 5 | L25: FREESHIP | M25: Referral | N25: 1093
A26: ORD200024 | B26: 45595 | C26: C17470 | D26: Laptop | E26: 2 | F26: 230.95 | G26: 956 Main St | H26: Online | I26: Delivered | J26: TRK28775057 | K26: 3 | L26: WINTER15 | M26: Referral | N26: 461.9
A27: ORD200025 | B27: 45497 | C27: C42577 | D27: Monitor | E27: 1 | F27: 399.98 | G27: 709 Main St | H27: Debit Card | I27: Delivered | J27: TRK69423327 | K27: 3 | L27: WINTER15 | M27: Email | N27: 399.98
A28: ORD200026 | B28: 45357 | C28: C21944 | D28: Laptop | E28: 5 | F28: 59.55 | G28: 296 Main St | H28: Online | I28: Delivered | J28: TRK80276812 | K28: 6 | M28: Referral | N28: 297.75
A29: ORD200027 | B29: 45344 | C29: C97593 | D29: Printer | E29: 1 | F29: 472.74 | G29: 881 Main St | H29: Online | I29: Shipped | J29: TRK89117573 | K29: 6 | L29: WINTER15 | M29: Google | N29: 472.74
A30: ORD200028 | B30: 45251 | C30: C59823 | D30: Phone | E30: 4 | F30: 160.07 | G30: 568 Main St | H30: Online | I30: Pending | J30: TRK65895539 | K30: 5 | M30: Email | N30: 640.28
A31: ORD200029 | B31: 45555 | C31: C33260 | D31: Desk | E31: 3 | F31: 423.53 | G31: 930 Main St | H31: Credit Card | I31: Delivered | J31: TRK59744090 | K31: 6 | L31: SAVE10 | M31: Referral | N31: 1270.59
A32: ORD200030 | B32: 45738 | C32: C44267 | D32: Monitor | E32: 2 | F32: 426.7 | G32: 895 Main St | H32: Online | I32: Pending | J32: TRK54751444 | K32: 5 | L32: SAVE10 | M32: Referral | N32: 853.4
A33: ORD200031 | B33: 45107 | C33: C26445 | D33: Chair | E33: 3 | F33: 500.08 | G33: 996 Main St | H33: Debit Card | I33: Returned | J33: TRK31229981 | K33: 6 | M33: Facebook | N33: 1500.24
A34: ORD200032 | B34: 45047 | C34: C12388 | D34: Tablet | E34: 5 | F34: 536.72 | G34: 830 Main St | H34: Cash | I34: Delivered | J34: TRK99261395 | K34: 10 | M34: Email | N34: 2683.6
A35: ORD200033 | B35: 45082 | C35: C52184 | D35: Chair | E35: 1 | F35: 162.77 | G35: 912 Main St | H35: Online | I35: Cancelled | J35: TRK73312471 | K35: 4 | L35: WINTER15 | M35: Facebook | N35: 162.77
A36: ORD200034 | B36: 44933 | C36: C67195 | D36: Chair | E36: 4 | F36: 576.52 | G36: 926 Main St | H36: Credit Card | I36: Pending | J36: TRK55467915 | K36: 5 | L36: WINTER15 | M36: Facebook | N36: 2306.08
A37: ORD200035 | B37: 45633 | C37: C50304 | D37: Monitor | E37: 2 | F37: 465.15 | G37: 128 Main St | H37: Online | I37: Shipped | J37: TRK46850888 | K37: 2 | L37: SAVE10 | M37: Facebook | N37: 930.3
A38: ORD200036 | B38: 45785 | C38: C59337 | D38: Laptop | E38: 2 | F38: 534.43 | G38: 465 Main St | H38: Debit Card | I38: Pending | J38: TRK50961250 | K38: 5 | M38: Facebook | N38: 1068.86
A39: ORD200037 | B39: 45579 | C39: C10054 | D39: Laptop | E39: 2 | F39: 76.74 | G39: 409 Main St | H39: Cash | I39: Returned | J39: TRK94005261 | K39: 7 | L39: SAVE10 | M39: Instagram | N39: 153.48
A40: ORD200038 | B40: 45645 | C40: C15924 | D40: Laptop | E40: 1 | F40: 245.89 | G40: 549 Main St | H40: Debit Card | I40: Delivered | J40: TRK14835975 | K40: 3 | L40: SAVE10 | M40: Google | N40: 245.89
A41: ORD200039 | B41: 45715 | C41: C96664 | D41: Printer | E41: 3 | F41: 256.46 | G41: 666 Main St | H41: Credit Card | I41: Delivered | J41: TRK85508960 | K41: 4 | L41: SAVE10 | M41: Referral | N41: 769.38
A42: ORD200040 | B42: 45158 | C42: C84766 | D42: Desk | E42: 2 | F42: 344.02 | G42: 267 Main St | H42: Online | I42: Delivered | J42: TRK78967923 | K42: 4 | L42: FREESHIP | M42: Instagram | N42: 688.04
A43: ORD200041 | B43: 45265 | C43: C20212 | D43: Monitor | E43: 3 | F43: 611.45 | G43: 657 Main St | H43: Gift Card | I43: Pending | J43: TRK69733327 | K43: 4 | L43: FREESHIP | M43: Instagram | N43: 1834.35
A44: ORD200042 | B44: 45418 | C44: C28712 | D44: Printer | E44: 2 | F44: 151.66 | G44: 980 Main St | H44: Cash | I44: Cancelled | J44: TRK40772558 | K44: 6 | M44: Instagram | N44: 303.32
A45: ORD200043 | B45: 45274 | C45: C60572 | D45: Chair | E45: 3 | F45: 499.21 | G45: 871 Main St | H45: Online | I45: Cancelled | J45: TRK20351666 | K45: 8 | M45: Instagram | N45: 1497.63
A46: ORD200044 | B46: 45768 | C46: C73225 | D46: Phone | E46: 2 | F46: 550.18 | G46: 996 Main St | H46: Gift Card | I46: Returned | J46: TRK73848522 | K46: 3 | L46: FREESHIP | M46: Referral | N46: 1100.36
A47: ORD200045 | B47: 45332 | C47: C17388 | D47: Chair | E47: 1 | F47: 317.25 | G47: 157 Main St | H47: Debit Card | I47: Returned | J47: TRK47077395 | K47: 1 | L47: SAVE10 | M47: Facebook | N47: 317.25
A48: ORD200046 | B48: 45469 | C48: C43212 | D48: Monitor | E48: 4 | F48: 550.14 | G48: 223 Main St | H48: Debit Card | I48: Pending | J48: TRK25100762 | K48: 4 | L48: FREESHIP | M48: Instagram | N48: 2200.56
A49: ORD200047 | B49: 45126 | C49: C38134 | D49: Desk | E49: 2 | F49: 209.94 | G49: 323 Main St | H49: Credit Card | I49: Returned | J49: TRK42450754 | K49: 3 | L49: FREESHIP | M49: Email | N49: 419.88
A50: ORD200048 | B50: 45164 | C50: C12408 | D50: Monitor | E50: 2 | F50: 80.77 | G50: 464 Main St | H50: Debit Card | I50: Shipped | J50: TRK38938858 | K50: 4 | M50: Google | N50: 161.54
A51: ORD200049 | B51: 45206 | C51: C11985 | D51: Printer | E51: 1 | F51: 30.44 | G51: 633 Main St | H51: Credit Card | I51: Shipped | J51: TRK53272402 | K51: 1 | L51: SAVE10 | M51: Email | N51: 30.44
A52: ORD200050 | B52: 45138 | C52: C96494 | D52: Tablet | E52: 1 | F52: 179.22 | G52: 446 Main St | H52: Online | I52: Cancelled | J52: TRK14675049 | K52: 6 | L52: FREESHIP | M52: Instagram | N52: 179.22
A53: ORD200051 | B53: 45656 | C53: C36778 | D53: Tablet | E53: 1 | F53: 388.33 | G53: 434 Main St | H53: Cash | I53: Returned | J53: TRK67610289 | K53: 2 | L53: SAVE10 | M53: Facebook | N53: 388.33
A54: ORD200052 | B54: 45543 | C54: C30513 | D54: Tablet | E54: 1 | F54: 586.44 | G54: 232 Main St | H54: Online | I54: Returned | J54: TRK64320429 | K54: 5 | L54: SAVE10 | M54: Facebook | N54: 586.44
A55: ORD200053 | B55: 45430 | C55: C67551 | D55: Phone | E55: 4 | F55: 488.78 | G55: 512 Main St | H55: Online | I55: Returned | J55: TRK94992552 | K55: 5 | L55: FREESHIP | M55: Google | N55: 1955.12
A56: ORD200054 | B56: 45743 | C56: C48120 | D56: Chair | E56: 1 | F56: 280.25 | G56: 623 Main St | H56: Online | I56: Pending | J56: TRK11014449 | K56: 5 | L56: WINTER15 | M56: Email | N56: 280.25
A57: ORD200055 | B57: 45832 | C57: C95984 | D57: Printer | E57: 3 | F57: 344.4 | G57: 565 Main St | H57: Online | I57: Cancelled | J57: TRK67434829 | K57: 3 | M57: Facebook | N57: 1033.2
A58: ORD200056 | B58: 45067 | C58: C54298 | D58: Tablet | E58: 3 | F58: 479.21 | G58: 566 Main St | H58: Cash | I58: Cancelled | J58: TRK62902341 | K58: 5 | L58: WINTER15 | M58: Referral | N58: 1437.63
A59: ORD200057 | B59: 44948 | C59: C88036 | D59: Printer | E59: 5 | F59: 314.27 | G59: 842 Main St | H59: Cash | I59: Returned | J59: TRK52470128 | K59: 6 | L59: SAVE10 | M59: Instagram | N59: 1571.35
A60: ORD200058 | B60: 44941 | C60: C60190 | D60: Phone | E60: 4 | F60: 474.69 | G60: 202 Main St | H60: Gift Card | I60: Cancelled | J60: TRK70857868 | K60: 6 | L60: SAVE10 | M60: Google | N60: 1898.76
A61: ORD200059 | B61: 45546 | C61: C97603 | D61: Chair | E61: 4 | F61: 593.27 | G61: 811 Main St | H61: Online | I61: Shipped | J61: TRK47055028 | K61: 5 | M61: Facebook | N61: 2373.08
A62: ORD200060 | B62: 45525 | C62: C39256 | D62: Desk | E62: 1 | F62: 417.1 | G62: 634 Main St | H62: Debit Card | I62: Returned | J62: TRK23412025 | K62: 3 | L62: FREESHIP | M62: Referral | N62: 417.1
A63: ORD200061 | B63: 45375 | C63: C61618 | D63: Desk | E63: 4 | F63: 122.2 | G63: 104 Main St | H63: Cash | I63: Delivered | J63: TRK43458485 | K63: 7 | L63: FREESHIP | M63: Facebook | N63: 488.8
A64: ORD200062 | B64: 45160 | C64: C36497 | D64: Desk | E64: 2 | F64: 43.15 | G64: 691 Main St | H64: Debit Card | I64: Pending | J64: TRK12102911 | K64: 3 | L64: WINTER15 | M64: Email | N64: 86.3
A65: ORD200063 | B65: 45690 | C65: C96695 | D65: Chair | E65: 1 | F65: 564.86 | G65: 813 Main St | H65: Debit Card | I65: Shipped | J65: TRK64283851 | K65: 6 | L65: WINTER15 | M65: Referral | N65: 564.86
A66: ORD200064 | B66: 45833 | C66: C49720 | D66: Printer | E66: 3 | F66: 130.61 | G66: 752 Main St | H66: Debit Card | I66: Cancelled | J66: TRK55785217 | K66: 4 | L66: FREESHIP | M66: Facebook | N66: 391.83
A67: ORD200065 | B67: 45290 | C67: C97735 | D67: Monitor | E67: 5 | F67: 81.7 | G67: 385 Main St | H67: Credit Card | I67: Delivered | J67: TRK13743703 | K67: 6 | M67: Instagram | N67: 408.5
A68: ORD200066 | B68: 45611 | C68: C18104 | D68: Chair | E68: 5 | F68: 127.18 | G68: 715 Main St | H68: Cash | I68: Cancelled | J68: TRK15488568 | K68: 9 | L68: SAVE10 | M68: Referral | N68: 635.9
A69: ORD200067 | B69: 45635 | C69: C25587 | D69: Printer | E69: 4 | F69: 12.1 | G69: 440 Main St | H69: Debit Card | I69: Cancelled | J69: TRK55105323 | K69: 8 | M69: Google | N69: 48.4
A70: ORD200068 | B70: 45271 | C70: C41598 | D70: Chair | E70: 3 | F70: 490.92 | G70: 709 Main St | H70: Credit Card | I70: Pending | J70: TRK81665940 | K70: 5 | L70: FREESHIP | M70: Email | N70: 1472.76
A71: ORD200069 | B71: 45057 | C71: C43338 | D71: Monitor | E71: 3 | F71: 478.65 | G71: 552 Main St | H71: Online | I71: Shipped | J71: TRK35241775 | K71: 4 | M71: Referral | N71: 1435.95
A72: ORD200070 | B72: 45072 | C72: C25123 | D72: Desk | E72: 1 | F72: 629.21 | G72: 384 Main St | H72: Gift Card | I72: Pending | J72: TRK27812282 | K72: 2 | L72: FREESHIP | M72: Instagram | N72: 629.21
A73: ORD200071 | B73: 45818 | C73: C37454 | D73: Monitor | E73: 3 | F73: 434.45 | G73: 923 Main St | H73: Credit Card | I73: Pending | J73: TRK28252730 | K73: 4 | M73: Referral | N73: 1303.35
A74: ORD200072 | B74: 45648 | C74: C19451 | D74: Tablet | E74: 4 | F74: 589.44 | G74: 942 Main St | H74: Gift Card | I74: Returned | J74: TRK87787793 | K74: 5 | M74: Facebook | N74: 2357.76
A75: ORD200073 | B75: 45049 | C75: C17269 | D75: Monitor | E75: 4 | F75: 433.45 | G75: 129 Main St | H75: Gift Card | I75: Cancelled | J75: TRK79608389 | K75: 4 | M75: Facebook | N75: 1733.8
A76: ORD200074 | B76: 45101 | C76: C25382 | D76: Phone | E76: 5 | F76: 90.87 | G76: 622 Main St | H76: Cash | I76: Pending | J76: TRK64691287 | K76: 5 | M76: Instagram | N76: 454.35
A77: ORD200075 | B77: 45195 | C77: C80651 | D77: Tablet | E77: 3 | F77: 398.17 | G77: 917 Main St | H77: Debit Card | I77: Delivered | J77: TRK14846720 | K77: 5 | L77: SAVE10 | M77: Email | N77: 1194.51
A78: ORD200076 | B78: 45382 | C78: C58638 | D78: Laptop | E78: 4 | F78: 382.88 | G78: 239 Main St | H78: Cash | I78: Cancelled | J78: TRK38224871 | K78: 6 | L78: WINTER15 | M78: Email | N78: 1531.52
A79: ORD200077 | B79: 45436 | C79: C50121 | D79: Phone | E79: 1 | F79: 583.18 | G79: 348 Main St | H79: Credit Card | I79: Returned | J79: TRK79810059 | K79: 5 | M79: Google | N79: 583.18
A80: ORD200078 | B80: 45510 | C80: C32029 | D80: Printer | E80: 4 | F80: 175.36 | G80: 146 Main St | H80: Debit Card | I80: Delivered | J80: TRK68535532 | K80: 4 | L80: FREESHIP | M80: Instagram | N80: 701.44
A81: ORD200079 | B81: 45726 | C81: C76700 | D81: Tablet | E81: 2 | F81: 311.91 | G81: 103 Main St | H81: Online | I81: Shipped | J81: TRK13036341 | K81: 2 | M81: Facebook | N81: 623.82
A82: ORD200080 | B82: 45104 | C82: C29041 | D82: Phone | E82: 3 | F82: 589.56 | G82: 591 Main St | H82: Online | I82: Returned | J82: TRK28840655 | K82: 6 | M82: Facebook | N82: 1768.68
A83: ORD200081 | B83: 45085 | C83: C29314 | D83: Monitor | E83: 2 | F83: 394.3 | G83: 496 Main St | H83: Cash | I83: Shipped | J83: TRK59876213 | K83: 6 | L83: FREESHIP | M83: Email | N83: 788.6
A84: ORD200082 | B84: 45296 | C84: C65799 | D84: Tablet | E84: 4 | F84: 565.2 | G84: 971 Main St | H84: Debit Card | I84: Shipped | J84: TRK66906607 | K84: 9 | L84: SAVE10 | M84: Google | N84: 2260.8
A85: ORD200083 | B85: 45160 | C85: C15681 | D85: Laptop | E85: 4 | F85: 540.41 | G85: 989 Main St | H85: Credit Card | I85: Cancelled | J85: TRK75112172 | K85: 6 | M85: Referral | N85: 2161.64
A86: ORD200084 | B86: 45166 | C86: C64160 | D86: Monitor | E86: 2 | F86: 165.49 | G86: 967 Main St | H86: Online | I86: Shipped | J86: TRK34121529 | K86: 4 | L86: WINTER15 | M86: Instagram | N86: 330.98
A87: ORD200085 | B87: 45544 | C87: C14553 | D87: Tablet | E87: 3 | F87: 146.73 | G87: 768 Main St | H87: Cash | I87: Delivered | J87: TRK93538334 | K87: 8 | L87: FREESHIP | M87: Email | N87: 440.19
A88: ORD200086 | B88: 45462 | C88: C88205 | D88: Printer | E88: 5 | F88: 643.03 | G88: 447 Main St | H88: Online | I88: Cancelled | J88: TRK93504166 | K88: 5 | L88: FREESHIP | M88: Referral | N88: 3215.15
A89: ORD200087 | B89: 45575 | C89: C91245 | D89: Tablet | E89: 3 | F89: 225.11 | G89: 915 Main St | H89: Cash | I89: Shipped | J89: TRK46976391 | K89: 4 | L89: SAVE10 | M89: Facebook | N89: 675.33
A90: ORD200088 | B90: 45813 | C90: C75439 | D90: Desk | E90: 3 | F90: 114.81 | G90: 318 Main St | H90: Gift Card | I90: Cancelled | J90: TRK19831653 | K90: 7 | M90: Google | N90: 344.43
A91: ORD200089 | B91: 45713 | C91: C17181 | D91: Printer | E91: 5 | F91: 455.33 | G91: 291 Main St | H91: Credit Card | I91: Cancelled | J91: TRK78912978 | K91: 8 | L91: FREESHIP | M91: Google | N91: 2276.65
A92: ORD200090 | B92: 45187 | C92: C36540 | D92: Chair | E92: 4 | F92: 182.08 | G92: 611 Main St | H92: Gift Card | I92: Delivered | J92: TRK35828122 | K92: 4 | L92: SAVE10 | M92: Email | N92: 728.32
A93: ORD200091 | B93: 45000 | C93: C98216 | D93: Laptop | E93: 5 | F93: 492.75 | G93: 196 Main St | H93: Cash | I93: Shipped | J93: TRK40986666 | K93: 6 | L93: WINTER15 | M93: Referral | N93: 2463.75
A94: ORD200092 | B94: 45453 | C94: C29568 | D94: Printer | E94: 4 | F94: 48.61 | G94: 203 Main St | H94: Online | I94: Shipped | J94: TRK46531075 | K94: 7 | L94: FREESHIP | M94: Facebook | N94: 194.44
A95: ORD200093 | B95: 44940 | C95: C97262 | D95: Desk | E95: 4 | F95: 431.01 | G95: 837 Main St | H95: Credit Card | I95: Returned | J95: TRK65990229 | K95: 7 | M95: Referral | N95: 1724.04
A96: ORD200094 | B96: 44968 | C96: C79821 | D96: Chair | E96: 1 | F96: 531.18 | G96: 781 Main St | H96: Gift Card | I96: Returned | J96: TRK12780193 | K96: 6 | L96: WINTER15 | M96: Instagram | N96: 531.18
A97: ORD200095 | B97: 45009 | C97: C76761 | D97: Printer | E97: 4 | F97: 117.51 | G97: 839 Main St | H97: Debit Card | I97: Returned | J97: TRK60179774 | K97: 7 | M97: Referral | N97: 470.04
A98: ORD200096 | B98: 45444 | C98: C93007 | D98: Phone | E98: 2 | F98: 232.83 | G98: 103 Main St | H98: Gift Card | I98: Delivered | J98: TRK85696091 | K98: 7 | M98: Instagram | N98: 465.66
A99: ORD200097 | B99: 45678 | C99: C15624 | D99: Tablet | E99: 5 | F99: 619.52 | G99: 922 Main St | H99: Debit Card | I99: Pending | J99: TRK40621141 | K99: 9 | M99: Email | N99: 3097.6
A100: ORD200098 | B100: 44940 | C100: C70921 | D100: Printer | E100: 2 | F100: 228.54 | G100: 533 Main St | H100: Debit Card | I100: Pending | J100: TRK54983109 | K100: 3 | M100: Email | N100: 457.08
...

Sheet Cleaned Data
A1: OrderID | B1: Date | C1: Year | D1: Month | E1: Quarter | F1: CustomerID | G1: Product | H1: Quantity | I1: UnitPrice | J1: ShippingAddress | K1: PaymentMethod | L1: OrderStatus | M1: TrackingNumber | N1: ItemsInCart | O1: CouponCode | P1: CouponCode2 | Q1: ReferralSource | R1: TotalPrice
A2: ORD200853 | B2: 45215 | C2: =YEAR(B2) -> 2023 | D2: =TEXT(B2,"mmmm") -> October | E2: ="Q"&ROUNDUP(MONTH(B2)/3,0) -> Q4 | F2: C10002 | G2: Printer | H2: 3 | I2: 490.01 | J2: 894 Main St | K2: Cash | L2: Returned | M2: TRK94641152 | N2: 4 | O2: SAVE10 | P2: =IF(ISBLANK(O2),"NO COUPON",O2) -> SAVE10 | Q2: Facebook | R2: 1470.03
A3: ORD200037 | B3: 45579 | C3: =YEAR(B3) -> 2024 | D3: =TEXT(B3,"mmmm") -> October | E3: ="Q"&ROUNDUP(MONTH(B3)/3,0) -> Q4 | F3: C10054 | G3: Laptop | H3: 2 | I3: 76.74 | J3: 409 Main St | K3: Cash | L3: Returned | M3: TRK94005261 | N3: 7 | O3: SAVE10 | P3: =IF(ISBLANK(O3),"NO COUPON",O3) -> SAVE10 | Q3: Instagram | R3: 153.48
A4: ORD200201 | B4: 45095 | C4: =YEAR(B4) -> 2023 | D4: =TEXT(B4,"mmmm") -> June | E4: ="Q"&ROUNDUP(MONTH(B4)/3,0) -> Q2 | F4: C10126 | G4: Monitor | H4: 2 | I4: 674.9 | J4: 146 Main St | K4: Online | L4: Shipped | M4: TRK75607531 | N4: 4 | O4: SAVE10 | P4: =IF(ISBLANK(O4),"NO COUPON",O4) -> SAVE10 | Q4: Facebook | R4: 1349.8
A5: ORD200728 | B5: 45502 | C5: =YEAR(B5) -> 2024 | D5: =TEXT(B5,"mmmm") -> July | E5: ="Q"&ROUNDUP(MONTH(B5)/3,0) -> Q3 | F5: C10154 | G5: Desk | H5: 4 | I5: 325.76 | J5: 827 Main St | K5: Gift Card | L5: Shipped | M5: TRK79793300 | N5: 8 | O5: WINTER15 | P5: =IF(ISBLANK(O5),"NO COUPON",O5) -> WINTER15 | Q5: Email | R5: 1303.04
A6: ORD200991 | B6: 45421 | C6: =YEAR(B6) -> 2024 | D6: =TEXT(B6,"mmmm") -> May | E6: ="Q"&ROUNDUP(MONTH(B6)/3,0) -> Q2 | F6: C10211 | G6: Desk | H6: 5 | I6: 127.18 | J6: 598 Main St | K6: Debit Card | L6: Cancelled | M6: TRK68938335 | N6: 10 | O6: FREESHIP | P6: =IF(ISBLANK(O6),"NO COUPON",O6) -> FREESHIP | Q6: Google | R6: 635.9
A7: ORD201184 | B7: 45196 | C7: =YEAR(B7) -> 2023 | D7: =TEXT(B7,"mmmm") -> September | E7: ="Q"&ROUNDUP(MONTH(B7)/3,0) -> Q3 | F7: C10222 | G7: Laptop | H7: 1 | I7: 204.08 | J7: 979 Main St | K7: Gift Card | L7: Returned | M7: TRK86297895 | N7: 4 | P7: =IF(ISBLANK(O7),"NO COUPON",O7) -> NO COUPON | Q7: Google | R7: 204.08
A8: ORD200667 | B8: 45049 | C8: =YEAR(B8) -> 2023 | D8: =TEXT(B8,"mmmm") -> May | E8: ="Q"&ROUNDUP(MONTH(B8)/3,0) -> Q2 | F8: C10477 | G8: Laptop | H8: 1 | I8: 466.42 | J8: 172 Main St | K8: Gift Card | L8: Pending | M8: TRK41505339 | N8: 5 | O8: SAVE10 | P8: =IF(ISBLANK(O8),"NO COUPON",O8) -> SAVE10 | Q8: Email | R8: 466.42
A9: ORD200744 | B9: 45455 | C9: =YEAR(B9) -> 2024 | D9: =TEXT(B9,"mmmm") -> June | E9: ="Q"&ROUNDUP(MONTH(B9)/3,0) -> Q2 | F9: C10642 | G9: Tablet | H9: 2 | I9: 461.37 | J9: 200 Main St | K9: Cash | L9: Delivered | M9: TRK98725693 | N9: 5 | O9: SAVE10 | P9: =IF(ISBLANK(O9),"NO COUPON",O9) -> SAVE10 | Q9: Google | R9: 922.74
A10: ORD201055 | B10: 45222 | C10: =YEAR(B10) -> 2023 | D10: =TEXT(B10,"mmmm") -> October | E10: ="Q"&ROUNDUP(MONTH(B10)/3,0) -> Q4 | F10: C10787 | G10: Monitor | H10: 4 | I10: 274.82 | J10: 932 Main St | K10: Debit Card | L10: Delivered | M10: TRK91512567 | N10: 9 | O10: WINTER15 | P10: =IF(ISBLANK(O10),"NO COUPON",O10) -> WINTER15 | Q10: Email | R10: 1099.28
A11: ORD201066 | B11: 45280 | C11: =YEAR(B11) -> 2023 | D11: =TEXT(B11,"mmmm") -> December | E11: ="Q"&ROUNDUP(MONTH(B11)/3,0) -> Q4 | F11: C10791 | G11: Desk | H11: 1 | I11: 355.09 | J11: 674 Main St | K11: Debit Card | L11: Cancelled | M11: TRK20321248 | N11: 5 | O11: SAVE10 | P11: =IF(ISBLANK(O11),"NO COUPON",O11) -> SAVE10 | Q11: Instagram | R11: 355.09
A12: ORD200254 | B12: 45286 | C12: =YEAR(B12) -> 2023 | D12: =TEXT(B12,"mmmm") -> December | E12: ="Q"&ROUNDUP(MONTH(B12)/3,0) -> Q4 | F12: C10866 | G12: Monitor | H12: 3 | I12: 263.19 | J12: 770 Main St | K12: Online | L12: Delivered | M12: TRK34809583 | N12: 5 | P12: =IF(ISBLANK(O12),"NO COUPON",O12) -> NO COUPON | Q12: Instagram | R12: 789.57
A13: ORD200740 | B13: 45493 | C13: =YEAR(B13) -> 2024 | D13: =TEXT(B13,"mmmm") -> July | E13: ="Q"&ROUNDUP(MONTH(B13)/3,0) -> Q3 | F13: C10892 | G13: Desk | H13: 2 | I13: 377.47 | J13: 433 Main St | K13: Cash | L13: Pending | M13: TRK76154554 | N13: 7 | P13: =IF(ISBLANK(O13),"NO COUPON",O13) -> NO COUPON | Q13: Google | R13: 754.94
A14: ORD200859 | B14: 45532 | C14: =YEAR(B14) -> 2024 | D14: =TEXT(B14,"mmmm") -> August | E14: ="Q"&ROUNDUP(MONTH(B14)/3,0) -> Q3 | F14: C11127 | G14: Chair | H14: 5 | I14: 261.33 | J14: 154 Main St | K14: Credit Card | L14: Returned | M14: TRK73285507 | N14: 5 | O14: SAVE10 | P14: =IF(ISBLANK(O14),"NO COUPON",O14) -> SAVE10 | Q14: Referral | R14: 1306.65
A15: ORD200277 | B15: 45544 | C15: =YEAR(B15) -> 2024 | D15: =TEXT(B15,"mmmm") -> September | E15: ="Q"&ROUNDUP(MONTH(B15)/3,0) -> Q3 | F15: C11210 | G15: Chair | H15: 5 | I15: 90.92 | J15: 910 Main St | K15: Credit Card | L15: Delivered | M15: TRK44929965 | N15: 9 | O15: SAVE10 | P15: =IF(ISBLANK(O15),"NO COUPON",O15) -> SAVE10 | Q15: Facebook | R15: 454.6
A16: ORD200511 | B16: 45366 | C16: =YEAR(B16) -> 2024 | D16: =TEXT(B16,"mmmm") -> March | E16: ="Q"&ROUNDUP(MONTH(B16)/3,0) -> Q1 | F16: C11415 | G16: Monitor | H16: 5 | I16: 575.24 | J16: 267 Main St | K16: Cash | L16: Delivered | M16: TRK65061457 | N16: 7 | O16: WINTER15 | P16: =IF(ISBLANK(O16),"NO COUPON",O16) -> WINTER15 | Q16: Email | R16: 2876.2
A17: ORD201135 | B17: 45288 | C17: =YEAR(B17) -> 2023 | D17: =TEXT(B17,"mmmm") -> December | E17: ="Q"&ROUNDUP(MONTH(B17)/3,0) -> Q4 | F17: C11473 | G17: Printer | H17: 2 | I17: 73.41 | J17: 562 Main St | K17: Online | L17: Shipped | M17: TRK97793275 | N17: 2 | O17: SAVE10 | P17: =IF(ISBLANK(O17),"NO COUPON",O17) -> SAVE10 | Q17: Google | R17: 146.82
A18: ORD200193 | B18: 45128 | C18: =YEAR(B18) -> 2023 | D18: =TEXT(B18,"mmmm") -> July | E18: ="Q"&ROUNDUP(MONTH(B18)/3,0) -> Q3 | F18: C11644 | G18: Printer | H18: 1 | I18: 46.66 | J18: 429 Main St | K18: Cash | L18: Cancelled | M18: TRK81320339 | N18: 6 | P18: =IF(ISBLANK(O18),"NO COUPON",O18) -> NO COUPON | Q18: Google | R18: 46.66
A19: ORD200406 | B19: 45270 | C19: =YEAR(B19) -> 2023 | D19: =TEXT(B19,"mmmm") -> December | E19: ="Q"&ROUNDUP(MONTH(B19)/3,0) -> Q4 | F19: C11657 | G19: Tablet | H19: 4 | I19: 66.1 | J19: 572 Main St | K19: Cash | L19: Returned | M19: TRK50284486 | N19: 9 | O19: WINTER15 | P19: =IF(ISBLANK(O19),"NO COUPON",O19) -> WINTER15 | Q19: Google | R19: 264.4
A20: ORD200218 | B20: 45044 | C20: =YEAR(B20) -> 2023 | D20: =TEXT(B20,"mmmm") -> April | E20: ="Q"&ROUNDUP(MONTH(B20)/3,0) -> Q2 | F20: C11665 | G20: Tablet | H20: 3 | I20: 112.46 | J20: 882 Main St | K20: Gift Card | L20: Shipped | M20: TRK10993930 | N20: 6 | O20: SAVE10 | P20: =IF(ISBLANK(O20),"NO COUPON",O20) -> SAVE10 | Q20: Instagram | R20: 337.38
A21: ORD200504 | B21: 45819 | C21: =YEAR(B21) -> 2025 | D21: =TEXT(B21,"mmmm") -> June | E21: ="Q"&ROUNDUP(MONTH(B21)/3,0) -> Q2 | F21: C11676 | G21: Monitor | H21: 2 | I21: 464.5 | J21: 805 Main St | K21: Online | L21: Cancelled | M21: TRK35726395 | N21: 2 | O21: WINTER15 | P21: =IF(ISBLANK(O21),"NO COUPON",O21) -> WINTER15 | Q21: Instagram | R21: 929
A22: ORD200414 | B22: 45781 | C22: =YEAR(B22) -> 2025 | D22: =TEXT(B22,"mmmm") -> May | E22: ="Q"&ROUNDUP(MONTH(B22)/3,0) -> Q2 | F22: C11829 | G22: Desk | H22: 2 | I22: 139.57 | J22: 797 Main St | K22: Cash | L22: Delivered | M22: TRK84229257 | N22: 4 | O22: WINTER15 | P22: =IF(ISBLANK(O22),"NO COUPON",O22) -> WINTER15 | Q22: Facebook | R22: 279.14
A23: ORD200273 | B23: 45592 | C23: =YEAR(B23) -> 2024 | D23: =TEXT(B23,"mmmm") -> October | E23: ="Q"&ROUNDUP(MONTH(B23)/3,0) -> Q4 | F23: C11849 | G23: Tablet | H23: 2 | I23: 238.25 | J23: 974 Main St | K23: Online | L23: Cancelled | M23: TRK91195261 | N23: 7 | O23: FREESHIP | P23: =IF(ISBLANK(O23),"NO COUPON",O23) -> FREESHIP | Q23: Email | R23: 476.5
A24: ORD201045 | B24: 45555 | C24: =YEAR(B24) -> 2024 | D24: =TEXT(B24,"mmmm") -> September | E24: ="Q"&ROUNDUP(MONTH(B24)/3,0) -> Q3 | F24: C11893 | G24: Laptop | H24: 5 | I24: 316.4 | J24: 671 Main St | K24: Gift Card | L24: Returned | M24: TRK72012758 | N24: 7 | P24: =IF(ISBLANK(O24),"NO COUPON",O24) -> NO COUPON | Q24: Email | R24: 1582
A25: ORD200408 | B25: 45658 | C25: =YEAR(B25) -> 2025 | D25: =TEXT(B25,"mmmm") -> January | E25: ="Q"&ROUNDUP(MONTH(B25)/3,0) -> Q1 | F25: C11906 | G25: Printer | H25: 3 | I25: 412.53 | J25: 536 Main St | K25: Online | L25: Pending | M25: TRK31140158 | N25: 6 | O25: WINTER15 | P25: =IF(ISBLANK(O25),"NO COUPON",O25) -> WINTER15 | Q25: Google | R25: 1237.59
A26: ORD200420 | B26: 45625 | C26: =YEAR(B26) -> 2024 | D26: =TEXT(B26,"mmmm") -> November | E26: ="Q"&ROUNDUP(MONTH(B26)/3,0) -> Q4 | F26: C11921 | G26: Phone | H26: 1 | I26: 452.7 | J26: 439 Main St | K26: Debit Card | L26: Shipped | M26: TRK91362635 | N26: 5 | O26: FREESHIP | P26: =IF(ISBLANK(O26),"NO COUPON",O26) -> FREESHIP | Q26: Instagram | R26: 452.7
A27: ORD200489 | B27: 45174 | C27: =YEAR(B27) -> 2023 | D27: =TEXT(B27,"mmmm") -> September | E27: ="Q"&ROUNDUP(MONTH(B27)/3,0) -> Q3 | F27: C11940 | G27: Tablet | H27: 3 | I27: 149.34 | J27: 589 Main St | K27: Gift Card | L27: Cancelled | M27: TRK85466461 | N27: 7 | O27: WINTER15 | P27: =IF(ISBLANK(O27),"NO COUPON",O27) -> WINTER15 | Q27: Email | R27: 448.02
A28: ORD200049 | B28: 45206 | C28: =YEAR(B28) -> 2023 | D28: =TEXT(B28,"mmmm") -> October | E28: ="Q"&ROUNDUP(MONTH(B28)/3,0) -> Q4 | F28: C11985 | G28: Printer | H28: 1 | I28: 30.44 | J28: 633 Main St | K28: Credit Card | L28: Shipped | M28: TRK53272402 | N28: 1 | O28: SAVE10 | P28: =IF(ISBLANK(O28),"NO COUPON",O28) -> SAVE10 | Q28: Email | R28: 30.44
A29: ORD201141 | B29: 45704 | C29: =YEAR(B29) -> 2025 | D29: =TEXT(B29,"mmmm") -> February | E29: ="Q"&ROUNDUP(MONTH(B29)/3,0) -> Q1 | F29: C11998 | G29: Chair | H29: 3 | I29: 498.66 | J29: 382 Main St | K29: Cash | L29: Cancelled | M29: TRK26707221 | N29: 6 | P29: =IF(ISBLANK(O29),"NO COUPON",O29) -> NO COUPON | Q29: Email | R29: 1495.98
A30: ORD200563 | B30: 45272 | C30: =YEAR(B30) -> 2023 | D30: =TEXT(B30,"mmmm") -> December | E30: ="Q"&ROUNDUP(MONTH(B30)/3,0) -> Q4 | F30: C12039 | G30: Laptop | H30: 1 | I30: 132.68 | J30: 844 Main St | K30: Debit Card | L30: Returned | M30: TRK68645763 | N30: 1 | O30: SAVE10 | P30: =IF(ISBLANK(O30),"NO COUPON",O30) -> SAVE10 | Q30: Referral | R30: 132.68
A31: ORD200260 | B31: 45063 | C31: =YEAR(B31) -> 2023 | D31: =TEXT(B31,"mmmm") -> May | E31: ="Q"&ROUNDUP(MONTH(B31)/3,0) -> Q2 | F31: C12245 | G31: Monitor | H31: 2 | I31: 407.79 | J31: 153 Main St | K31: Debit Card | L31: Shipped | M31: TRK22000463 | N31: 3 | P31: =IF(ISBLANK(O31),"NO COUPON",O31) -> NO COUPON | Q31: Google | R31: 815.58
A32: ORD201052 | B32: 45180 | C32: =YEAR(B32) -> 2023 | D32: =TEXT(B32,"mmmm") -> September | E32: ="Q"&ROUNDUP(MONTH(B32)/3,0) -> Q3 | F32: C12301 | G32: Tablet | H32: 1 | I32: 531.74 | J32: 493 Main St | K32: Online | L32: Shipped | M32: TRK25145796 | N32: 1 | O32: WINTER15 | P32: =IF(ISBLANK(O32),"NO COUPON",O32) -> WINTER15 | Q32: Google | R32: 531.74
A33: ORD200032 | B33: 45047 | C33: =YEAR(B33) -> 2023 | D33: =TEXT(B33,"mmmm") -> May | E33: ="Q"&ROUNDUP(MONTH(B33)/3,0) -> Q2 | F33: C12388 | G33: Tablet | H33: 5 | I33: 536.72 | J33: 830 Main St | K33: Cash | L33: Delivered | M33: TRK99261395 | N33: 10 | P33: =IF(ISBLANK(O33),"NO COUPON",O33) -> NO COUPON | Q33: Email | R33: 2683.6
A34: ORD200048 | B34: 45164 | C34: =YEAR(B34) -> 2023 | D34: =TEXT(B34,"mmmm") -> August | E34: ="Q"&ROUNDUP(MONTH(B34)/3,0) -> Q3 | F34: C12408 | G34: Monitor | H34: 2 | I34: 80.77 | J34: 464 Main St | K34: Debit Card | L34: Shipped | M34: TRK38938858 | N34: 4 | P34: =IF(ISBLANK(O34),"NO COUPON",O34) -> NO COUPON | Q34: Google | R34: 161.54
A35: ORD200386 | B35: 45044 | C35: =YEAR(B35) -> 2023 | D35: =TEXT(B35,"mmmm") -> April | E35: ="Q"&ROUNDUP(MONTH(B35)/3,0) -> Q2 | F35: C12421 | G35: Tablet | H35: 1 | I35: 93.02 | J35: 373 Main St | K35: Online | L35: Returned | M35: TRK32588504 | N35: 4 | P35: =IF(ISBLANK(O35),"NO COUPON",O35) -> NO COUPON | Q35: Email | R35: 93.02
A36: ORD200762 | B36: 45552 | C36: =YEAR(B36) -> 2024 | D36: =TEXT(B36,"mmmm") -> September | E36: ="Q"&ROUNDUP(MONTH(B36)/3,0) -> Q3 | F36: C12444 | G36: Phone | H36: 3 | I36: 76.96 | J36: 611 Main St | K36: Cash | L36: Returned | M36: TRK97621403 | N36: 8 | O36: FREESHIP | P36: =IF(ISBLANK(O36),"NO COUPON",O36) -> FREESHIP | Q36: Email | R36: 230.88
A37: ORD200962 | B37: 45541 | C37: =YEAR(B37) -> 2024 | D37: =TEXT(B37,"mmmm") -> September | E37: ="Q"&ROUNDUP(MONTH(B37)/3,0) -> Q3 | F37: C12459 | G37: Phone | H37: 2 | I37: 142.08 | J37: 838 Main St | K37: Gift Card | L37: Delivered | M37: TRK30674085 | N37: 4 | O37: SAVE10 | P37: =IF(ISBLANK(O37),"NO COUPON",O37) -> SAVE10 | Q37: Referral | R37: 284.16
A38: ORD201110 | B38: 45347 | C38: =YEAR(B38) -> 2024 | D38: =TEXT(B38,"mmmm") -> February | E38: ="Q"&ROUNDUP(MONTH(B38)/3,0) -> Q1 | F38: C12472 | G38: Chair | H38: 3 | I38: 84.31 | J38: 912 Main St | K38: Credit Card | L38: Shipped | M38: TRK36103184 | N38: 3 | O38: SAVE10 | P38: =IF(ISBLANK(O38),"NO COUPON",O38) -> SAVE10 | Q38: Email | R38: 252.93
A39: ORD200601 | B39: 45201 | C39: =YEAR(B39) -> 2023 | D39: =TEXT(B39,"mmmm") -> October | E39: ="Q"&ROUNDUP(MONTH(B39)/3,0) -> Q4 | F39: C12479 | G39: Monitor | H39: 5 | I39: 24.82 | J39: 529 Main St | K39: Credit Card | L39: Shipped | M39: TRK73935314 | N39: 10 | P39: =IF(ISBLANK(O39),"NO COUPON",O39) -> NO COUPON | Q39: Referral | R39: 124.1
A40: ORD201105 | B40: 45299 | C40: =YEAR(B40) -> 2024 | D40: =TEXT(B40,"mmmm") -> January | E40: ="Q"&ROUNDUP(MONTH(B40)/3,0) -> Q1 | F40: C12487 | G40: Tablet | H40: 3 | I40: 475.69 | J40: 884 Main St | K40: Gift Card | L40: Cancelled | M40: TRK23324770 | N40: 3 | O40: FREESHIP | P40: =IF(ISBLANK(O40),"NO COUPON",O40) -> FREESHIP | Q40: Google | R40: 1427.07
A41: ORD201183 | B41: 45021 | C41: =YEAR(B41) -> 2023 | D41: =TEXT(B41,"mmmm") -> April | E41: ="Q"&ROUNDUP(MONTH(B41)/3,0) -> Q2 | F41: C12607 | G41: Desk | H41: 1 | I41: 281.52 | J41: 460 Main St | K41: Gift Card | L41: Shipped | M41: TRK83653396 | N41: 6 | O41: WINTER15 | P41: =IF(ISBLANK(O41),"NO COUPON",O41) -> WINTER15 | Q41: Referral | R41: 281.52
A42: ORD200981 | B42: 45256 | C42: =YEAR(B42) -> 2023 | D42: =TEXT(B42,"mmmm") -> November | E42: ="Q"&ROUNDUP(MONTH(B42)/3,0) -> Q4 | F42: C12609 | G42: Phone | H42: 4 | I42: 136.83 | J42: 490 Main St | K42: Debit Card | L42: Pending | M42: TRK56379337 | N42: 8 | O42: SAVE10 | P42: =IF(ISBLANK(O42),"NO COUPON",O42) -> SAVE10 | Q42: Email | R42: 547.32
A43: ORD200245 | B43: 45767 | C43: =YEAR(B43) -> 2025 | D43: =TEXT(B43,"mmmm") -> April | E43: ="Q"&ROUNDUP(MONTH(B43)/3,0) -> Q2 | F43: C12667 | G43: Laptop | H43: 1 | I43: 223.3 | J43: 306 Main St | K43: Online | L43: Returned | M43: TRK25390491 | N43: 1 | P43: =IF(ISBLANK(O43),"NO COUPON",O43) -> NO COUPON | Q43: Facebook | R43: 223.3
A44: ORD200720 | B44: 45190 | C44: =YEAR(B44) -> 2023 | D44: =TEXT(B44,"mmmm") -> September | E44: ="Q"&ROUNDUP(MONTH(B44)/3,0) -> Q3 | F44: C12740 | G44: Desk | H44: 5 | I44: 128.95 | J44: 305 Main St | K44: Cash | L44: Pending | M44: TRK98506513 | N44: 10 | O44: FREESHIP | P44: =IF(ISBLANK(O44),"NO COUPON",O44) -> FREESHIP | Q44: Instagram | R44: 644.75
A45: ORD200813 | B45: 45731 | C45: =YEAR(B45) -> 2025 | D45: =TEXT(B45,"mmmm") -> March | E45: ="Q"&ROUNDUP(MONTH(B45)/3,0) -> Q1 | F45: C12813 | G45: Laptop | H45: 5 | I45: 292.54 | J45: 263 Main St | K45: Debit Card | L45: Cancelled | M45: TRK36131660 | N45: 8 | O45: FREESHIP | P45: =IF(ISBLANK(O45),"NO COUPON",O45) -> FREESHIP | Q45: Email | R45: 1462.7
A46: ORD200635 | B46: 45273 | C46: =YEAR(B46) -> 2023 | D46: =TEXT(B46,"mmmm") -> December | E46: ="Q"&ROUNDUP(MONTH(B46)/3,0) -> Q4 | F46: C12818 | G46: Chair | H46: 3 | I46: 63.68 | J46: 434 Main St | K46: Cash | L46: Returned | M46: TRK40879983 | N46: 6 | P46: =IF(ISBLANK(O46),"NO COUPON",O46) -> NO COUPON | Q46: Facebook | R46: 191.04
A47: ORD201138 | B47: 45278 | C47: =YEAR(B47) -> 2023 | D47: =TEXT(B47,"mmmm") -> December | E47: ="Q"&ROUNDUP(MONTH(B47)/3,0) -> Q4 | F47: C13100 | G47: Desk | H47: 4 | I47: 294.41 | J47: 188 Main St | K47: Debit Card | L47: Pending | M47: TRK55565668 | N47: 4 | P47: =IF(ISBLANK(O47),"NO COUPON",O47) -> NO COUPON | Q47: Instagram | R47: 1177.64
A48: ORD200367 | B48: 45407 | C48: =YEAR(B48) -> 2024 | D48: =TEXT(B48,"mmmm") -> April | E48: ="Q"&ROUNDUP(MONTH(B48)/3,0) -> Q2 | F48: C13108 | G48: Laptop | H48: 5 | I48: 658.77 | J48: 712 Main St | K48: Gift Card | L48: Pending | M48: TRK82284400 | N48: 10 | O48: FREESHIP | P48: =IF(ISBLANK(O48),"NO COUPON",O48) -> FREESHIP | Q48: Instagram | R48: 3293.85
A49: ORD201040 | B49: 45245 | C49: =YEAR(B49) -> 2023 | D49: =TEXT(B49,"mmmm") -> November | E49: ="Q"&ROUNDUP(MONTH(B49)/3,0) -> Q4 | F49: C13169 | G49: Tablet | H49: 1 | I49: 536.07 | J49: 932 Main St | K49: Debit Card | L49: Delivered | M49: TRK66288666 | N49: 5 | O49: FREESHIP | P49: =IF(ISBLANK(O49),"NO COUPON",O49) -> FREESHIP | Q49: Google | R49: 536.07
A50: ORD200689 | B50: 45167 | C50: =YEAR(B50) -> 2023 | D50: =TEXT(B50,"mmmm") -> August | E50: ="Q"&ROUNDUP(MONTH(B50)/3,0) -> Q3 | F50: C13186 | G50: Tablet | H50: 2 | I50: 444.84 | J50: 787 Main St | K50: Online | L50: Shipped | M50: TRK56967415 | N50: 7 | P50: =IF(ISBLANK(O50),"NO COUPON",O50) -> NO COUPON | Q50: Facebook | R50: 889.68
A51: ORD200573 | B51: 44951 | C51: =YEAR(B51) -> 2023 | D51: =TEXT(B51,"mmmm") -> January | E51: ="Q"&ROUNDUP(MONTH(B51)/3,0) -> Q1 | F51: C13205 | G51: Chair | H51: 5 | I51: 421.42 | J51: 522 Main St | K51: Debit Card | L51: Cancelled | M51: TRK30686578 | N51: 7 | P51: =IF(ISBLANK(O51),"NO COUPON",O51) -> NO COUPON | Q51: Instagram | R51: 2107.1
A52: ORD200350 | B52: 45080 | C52: =YEAR(B52) -> 2023 | D52: =TEXT(B52,"mmmm") -> June | E52: ="Q"&ROUNDUP(MONTH(B52)/3,0) -> Q2 | F52: C13296 | G52: Chair | H52: 2 | I52: 54.41 | J52: 495 Main St | K52: Online | L52: Shipped | M52: TRK60127216 | N52: 6 | P52: =IF(ISBLANK(O52),"NO COUPON",O52) -> NO COUPON | Q52: Instagram | R52: 108.82
A53: ORD201089 | B53: 45731 | C53: =YEAR(B53) -> 2025 | D53: =TEXT(B53,"mmmm") -> March | E53: ="Q"&ROUNDUP(MONTH(B53)/3,0) -> Q1 | F53: C13324 | G53: Tablet | H53: 2 | I53: 599.74 | J53: 440 Main St | K53: Gift Card | L53: Shipped | M53: TRK66967997 | N53: 2 | P53: =IF(ISBLANK(O53),"NO COUPON",O53) -> NO COUPON | Q53: Instagram | R53: 1199.48
A54: ORD200769 | B54: 45113 | C54: =YEAR(B54) -> 2023 | D54: =TEXT(B54,"mmmm") -> July | E54: ="Q"&ROUNDUP(MONTH(B54)/3,0) -> Q3 | F54: C13366 | G54: Printer | H54: 4 | I54: 678.55 | J54: 568 Main St | K54: Cash | L54: Delivered | M54: TRK98691410 | N54: 5 | P54: =IF(ISBLANK(O54),"NO COUPON",O54) -> NO COUPON | Q54: Email | R54: 2714.2
A55: ORD201062 | B55: 45161 | C55: =YEAR(B55) -> 2023 | D55: =TEXT(B55,"mmmm") -> August | E55: ="Q"&ROUNDUP(MONTH(B55)/3,0) -> Q3 | F55: C13501 | G55: Chair | H55: 5 | I55: 85.52 | J55: 301 Main St | K55: Gift Card | L55: Cancelled | M55: TRK65149372 | N55: 5 | P55: =IF(ISBLANK(O55),"NO COUPON",O55) -> NO COUPON | Q55: Facebook | R55: 427.6
A56: ORD200324 | B56: 45456 | C56: =YEAR(B56) -> 2024 | D56: =TEXT(B56,"mmmm") -> June | E56: ="Q"&ROUNDUP(MONTH(B56)/3,0) -> Q2 | F56: C13525 | G56: Tablet | H56: 3 | I56: 70.93 | J56: 847 Main St | K56: Debit Card | L56: Returned | M56: TRK70193221 | N56: 5 | P56: =IF(ISBLANK(O56),"NO COUPON",O56) -> NO COUPON | Q56: Referral | R56: 212.79
A57: ORD200270 | B57: 45081 | C57: =YEAR(B57) -> 2023 | D57: =TEXT(B57,"mmmm") -> June | E57: ="Q"&ROUNDUP(MONTH(B57)/3,0) -> Q2 | F57: C13540 | G57: Printer | H57: 4 | I57: 309.91 | J57: 127 Main St | K57: Debit Card | L57: Shipped | M57: TRK81087373 | N57: 5 | O57: WINTER15 | P57: =IF(ISBLANK(O57),"NO COUPON",O57) -> WINTER15 | Q57: Google | R57: 1239.64
A58: ORD200469 | B58: 45256 | C58: =YEAR(B58) -> 2023 | D58: =TEXT(B58,"mmmm") -> November | E58: ="Q"&ROUNDUP(MONTH(B58)/3,0) -> Q4 | F58: C13877 | G58: Chair | H58: 5 | I58: 676.98 | J58: 893 Main St | K58: Cash | L58: Cancelled | M58: TRK17254691 | N58: 5 | P58: =IF(ISBLANK(O58),"NO COUPON",O58) -> NO COUPON | Q58: Facebook | R58: 3384.9
A59: ORD200413 | B59: 45207 | C59: =YEAR(B59) -> 2023 | D59: =TEXT(B59,"mmmm") -> October | E59: ="Q"&ROUNDUP(MONTH(B59)/3,0) -> Q4 | F59: C13923 | G59: Tablet | H59: 1 | I59: 118.8 | J59: 123 Main St | K59: Online | L59: Delivered | M59: TRK87598790 | N59: 6 | O59: SAVE10 | P59: =IF(ISBLANK(O59),"NO COUPON",O59) -> SAVE10 | Q59: Email | R59: 118.8
A60: ORD200931 | B60: 45292 | C60: =YEAR(B60) -> 2024 | D60: =TEXT(B60,"mmmm") -> January | E60: ="Q"&ROUNDUP(MONTH(B60)/3,0) -> Q1 | F60: C14005 | G60: Printer | H60: 2 | I60: 40.23 | J60: 623 Main St | K60: Credit Card | L60: Cancelled | M60: TRK87567926 | N60: 4 | O60: SAVE10 | P60: =IF(ISBLANK(O60),"NO COUPON",O60) -> SAVE10 | Q60: Google | R60: 80.46
A61: ORD200672 | B61: 45055 | C61: =YEAR(B61) -> 2023 | D61: =TEXT(B61,"mmmm") -> May | E61: ="Q"&ROUNDUP(MONTH(B61)/3,0) -> Q2 | F61: C14017 | G61: Phone | H61: 2 | I61: 624.16 | J61: 984 Main St | K61: Debit Card | L61: Shipped | M61: TRK71009446 | N61: 2 | O61: SAVE10 | P61: =IF(ISBLANK(O61),"NO COUPON",O61) -> SAVE10 | Q61: Instagram | R61: 1248.32
A62: ORD200756 | B62: 45470 | C62: =YEAR(B62) -> 2024 | D62: =TEXT(B62,"mmmm") -> June | E62: ="Q"&ROUNDUP(MONTH(B62)/3,0) -> Q2 | F62: C14080 | G62: Phone | H62: 1 | I62: 283.69 | J62: 202 Main St | K62: Gift Card | L62: Shipped | M62: TRK93163682 | N62: 6 | P62: =IF(ISBLANK(O62),"NO COUPON",O62) -> NO COUPON | Q62: Google | R62: 283.69
A63: ORD200512 | B63: 45562 | C63: =YEAR(B63) -> 2024 | D63: =TEXT(B63,"mmmm") -> September | E63: ="Q"&ROUNDUP(MONTH(B63)/3,0) -> Q3 | F63: C14114 | G63: Desk | H63: 3 | I63: 568.02 | J63: 856 Main St | K63: Online | L63: Pending | M63: TRK63290700 | N63: 3 | O63: FREESHIP | P63: =IF(ISBLANK(O63),"NO COUPON",O63) -> FREESHIP | Q63: Instagram | R63: 1704.06
A64: ORD200864 | B64: 45049 | C64: =YEAR(B64) -> 2023 | D64: =TEXT(B64,"mmmm") -> May | E64: ="Q"&ROUNDUP(MONTH(B64)/3,0) -> Q2 | F64: C14240 | G64: Desk | H64: 1 | I64: 491.11 | J64: 592 Main St | K64: Credit Card | L64: Delivered | M64: TRK58095246 | N64: 4 | O64: SAVE10 | P64: =IF(ISBLANK(O64),"NO COUPON",O64) -> SAVE10 | Q64: Facebook | R64: 491.11
A65: ORD200888 | B65: 45496 | C65: =YEAR(B65) -> 2024 | D65: =TEXT(B65,"mmmm") -> July | E65: ="Q"&ROUNDUP(MONTH(B65)/3,0) -> Q3 | F65: C14427 | G65: Laptop | H65: 2 | I65: 266.95 | J65: 833 Main St | K65: Credit Card | L65: Pending | M65: TRK58024529 | N65: 3 | P65: =IF(ISBLANK(O65),"NO COUPON",O65) -> NO COUPON | Q65: Instagram | R65: 533.9
A66: ORD200723 | B66: 45269 | C66: =YEAR(B66) -> 2023 | D66: =TEXT(B66,"mmmm") -> December | E66: ="Q"&ROUNDUP(MONTH(B66)/3,0) -> Q4 | F66: C14455 | G66: Desk | H66: 3 | I66: 54.95 | J66: 385 Main St | K66: Cash | L66: Returned | M66: TRK50933724 | N66: 8 | O66: SAVE10 | P66: =IF(ISBLANK(O66),"NO COUPON",O66) -> SAVE10 | Q66: Referral | R66: 164.85
A67: ORD200576 | B67: 45441 | C67: =YEAR(B67) -> 2024 | D67: =TEXT(B67,"mmmm") -> May | E67: ="Q"&ROUNDUP(MONTH(B67)/3,0) -> Q2 | F67: C14457 | G67: Laptop | H67: 5 | I67: 79.08 | J67: 747 Main St | K67: Cash | L67: Pending | M67: TRK42517811 | N67: 8 | P67: =IF(ISBLANK(O67),"NO COUPON",O67) -> NO COUPON | Q67: Facebook | R67: 395.4
A68: ORD200019 | B68: 44949 | C68: =YEAR(B68) -> 2023 | D68: =TEXT(B68,"mmmm") -> January | E68: ="Q"&ROUNDUP(MONTH(B68)/3,0) -> Q1 | F68: C14552 | G68: Monitor | H68: 5 | I68: 224 | J68: 273 Main St | K68: Cash | L68: Returned | M68: TRK59101365 | N68: 9 | O68: SAVE10 | P68: =IF(ISBLANK(O68),"NO COUPON",O68) -> SAVE10 | Q68: Google | R68: 1120
A69: ORD200085 | B69: 45544 | C69: =YEAR(B69) -> 2024 | D69: =TEXT(B69,"mmmm") -> September | E69: ="Q"&ROUNDUP(MONTH(B69)/3,0) -> Q3 | F69: C14553 | G69: Tablet | H69: 3 | I69: 146.73 | J69: 768 Main St | K69: Cash | L69: Delivered | M69: TRK93538334 | N69: 8 | O69: FREESHIP | P69: =IF(ISBLANK(O69),"NO COUPON",O69) -> FREESHIP | Q69: Email | R69: 440.19
A70: ORD200436 | B70: 44968 | C70: =YEAR(B70) -> 2023 | D70: =TEXT(B70,"mmmm") -> February | E70: ="Q"&ROUNDUP(MONTH(B70)/3,0) -> Q1 | F70: C14568 | G70: Laptop | H70: 4 | I70: 221.33 | J70: 651 Main St | K70: Online | L70: Pending | M70: TRK73545796 | N70: 5 | P70: =IF(ISBLANK(O70),"NO COUPON",O70) -> NO COUPON | Q70: Google | R70: 885.32
A71: ORD200670 | B71: 45400 | C71: =YEAR(B71) -> 2024 | D71: =TEXT(B71,"mmmm") -> April | E71: ="Q"&ROUNDUP(MONTH(B71)/3,0) -> Q2 | F71: C14576 | G71: Desk | H71: 4 | I71: 539.2 | J71: 747 Main St | K71: Credit Card | L71: Pending | M71: TRK21637540 | N71: 8 | O71: FREESHIP | P71: =IF(ISBLANK(O71),"NO COUPON",O71) -> FREESHIP | Q71: Google | R71: 2156.8
A72: ORD200247 | B72: 45127 | C72: =YEAR(B72) -> 2023 | D72: =TEXT(B72,"mmmm") -> July | E72: ="Q"&ROUNDUP(MONTH(B72)/3,0) -> Q3 | F72: C14600 | G72: Printer | H72: 2 | I72: 220.9 | J72: 785 Main St | K72: Gift Card | L72: Shipped | M72: TRK84984764 | N72: 4 | P72: =IF(ISBLANK(O72),"NO COUPON",O72) -> NO COUPON | Q72: Email | R72: 441.8
A73: ORD200119 | B73: 45819 | C73: =YEAR(B73) -> 2025 | D73: =TEXT(B73,"mmmm") -> June | E73: ="Q"&ROUNDUP(MONTH(B73)/3,0) -> Q2 | F73: C14683 | G73: Desk | H73: 2 | I73: 534.67 | J73: 187 Main St | K73: Debit Card | L73: Shipped | M73: TRK47373682 | N73: 7 | O73: FREESHIP | P73: =IF(ISBLANK(O73),"NO COUPON",O73) -> FREESHIP | Q73: Referral | R73: 1069.34
A74: ORD200750 | B74: 44940 | C74: =YEAR(B74) -> 2023 | D74: =TEXT(B74,"mmmm") -> January | E74: ="Q"&ROUNDUP(MONTH(B74)/3,0) -> Q1 | F74: C14737 | G74: Tablet | H74: 4 | I74: 145.41 | J74: 637 Main St | K74: Credit Card | L74: Returned | M74: TRK10295115 | N74: 7 | O74: FREESHIP | P74: =IF(ISBLANK(O74),"NO COUPON",O74) -> FREESHIP | Q74: Email | R74: 581.64
A75: ORD200451 | B75: 45017 | C75: =YEAR(B75) -> 2023 | D75: =TEXT(B75,"mmmm") -> April | E75: ="Q"&ROUNDUP(MONTH(B75)/3,0) -> Q2 | F75: C14837 | G75: Monitor | H75: 1 | I75: 183.18 | J75: 647 Main St | K75: Debit Card | L75: Cancelled | M75: TRK17501136 | N75: 6 | O75: SAVE10 | P75: =IF(ISBLANK(O75),"NO COUPON",O75) -> SAVE10 | Q75: Email | R75: 183.18
A76: ORD200236 | B76: 44927 | C76: =YEAR(B76) -> 2023 | D76: =TEXT(B76,"mmmm") -> January | E76: ="Q"&ROUNDUP(MONTH(B76)/3,0) -> Q1 | F76: C14847 | G76: Monitor | H76: 1 | I76: 318.81 | J76: 562 Main St | K76: Debit Card | L76: Pending | M76: TRK39663243 | N76: 3 | O76: WINTER15 | P76: =IF(ISBLANK(O76),"NO COUPON",O76) -> WINTER15 | Q76: Email | R76: 318.81
A77: ORD200664 | B77: 45645 | C77: =YEAR(B77) -> 2024 | D77: =TEXT(B77,"mmmm") -> December | E77: ="Q"&ROUNDUP(MONTH(B77)/3,0) -> Q4 | F77: C14847 | G77: Laptop | H77: 4 | I77: 194.75 | J77: 188 Main St | K77: Cash | L77: Shipped | M77: TRK46492755 | N77: 5 | P77: =IF(ISBLANK(O77),"NO COUPON",O77) -> NO COUPON | Q77: Facebook | R77: 779
A78: ORD200253 | B78: 45374 | C78: =YEAR(B78) -> 2024 | D78: =TEXT(B78,"mmmm") -> March | E78: ="Q"&ROUNDUP(MONTH(B78)/3,0) -> Q1 | F78: C14891 | G78: Chair | H78: 4 | I78: 413.74 | J78: 743 Main St | K78: Gift Card | L78: Returned | M78: TRK79471534 | N78: 7 | O78: FREESHIP | P78: =IF(ISBLANK(O78),"NO COUPON",O78) -> FREESHIP | Q78: Instagram | R78: 1654.96
A79: ORD200240 | B79: 45119 | C79: =YEAR(B79) -> 2023 | D79: =TEXT(B79,"mmmm") -> July | E79: ="Q"&ROUNDUP(MONTH(B79)/3,0) -> Q3 | F79: C14983 | G79: Tablet | H79: 1 | I79: 17.24 | J79: 255 Main St | K79: Online | L79: Pending | M79: TRK93444157 | N79: 2 | O79: FREESHIP | P79: =IF(ISBLANK(O79),"NO COUPON",O79) -> FREESHIP | Q79: Instagram | R79: 17.24
A80: ORD200453 | B80: 45779 | C80: =YEAR(B80) -> 2025 | D80: =TEXT(B80,"mmmm") -> May | E80: ="Q"&ROUNDUP(MONTH(B80)/3,0) -> Q2 | F80: C15017 | G80: Tablet | H80: 1 | I80: 675.57 | J80: 492 Main St | K80: Cash | L80: Shipped | M80: TRK51241924 | N80: 1 | O80: WINTER15 | P80: =IF(ISBLANK(O80),"NO COUPON",O80) -> WINTER15 | Q80: Facebook | R80: 675.57
A81: ORD200642 | B81: 45411 | C81: =YEAR(B81) -> 2024 | D81: =TEXT(B81,"mmmm") -> April | E81: ="Q"&ROUNDUP(MONTH(B81)/3,0) -> Q2 | F81: C15063 | G81: Chair | H81: 5 | I81: 85.22 | J81: 527 Main St | K81: Credit Card | L81: Cancelled | M81: TRK10329390 | N81: 7 | O81: FREESHIP | P81: =IF(ISBLANK(O81),"NO COUPON",O81) -> FREESHIP | Q81: Email | R81: 426.1
A82: ORD201100 | B82: 45155 | C82: =YEAR(B82) -> 2023 | D82: =TEXT(B82,"mmmm") -> August | E82: ="Q"&ROUNDUP(MONTH(B82)/3,0) -> Q3 | F82: C15146 | G82: Laptop | H82: 5 | I82: 38.11 | J82: 428 Main St | K82: Debit Card | L82: Cancelled | M82: TRK79790530 | N82: 6 | O82: WINTER15 | P82: =IF(ISBLANK(O82),"NO COUPON",O82) -> WINTER15 | Q82: Instagram | R82: 190.55
A83: ORD200582 | B83: 45341 | C83: =YEAR(B83) -> 2024 | D83: =TEXT(B83,"mmmm") -> February | E83: ="Q"&ROUNDUP(MONTH(B83)/3,0) -> Q1 | F83: C15228 | G83: Tablet | H83: 3 | I83: 474.14 | J83: 558 Main St | K83: Gift Card | L83: Shipped | M83: TRK33860620 | N83: 8 | O83: WINTER15 | P83: =IF(ISBLANK(O83),"NO COUPON",O83) -> WINTER15 | Q83: Google | R83: 1422.42
A84: ORD200584 | B84: 45737 | C84: =YEAR(B84) -> 2025 | D84: =TEXT(B84,"mmmm") -> March | E84: ="Q"&ROUNDUP(MONTH(B84)/3,0) -> Q1 | F84: C15257 | G84: Chair | H84: 4 | I84: 145.05 | J84: 626 Main St | K84: Online | L84: Delivered | M84: TRK28779938 | N84: 6 | O84: SAVE10 | P84: =IF(ISBLANK(O84),"NO COUPON",O84) -> SAVE10 | Q84: Google | R84: 580.2
A85: ORD200101 | B85: 45255 | C85: =YEAR(B85) -> 2023 | D85: =TEXT(B85,"mmmm") -> November | E85: ="Q"&ROUNDUP(MONTH(B85)/3,0) -> Q4 | F85: C15283 | G85: Printer | H85: 1 | I85: 381.02 | J85: 152 Main St | K85: Cash | L85: Shipped | M85: TRK19286291 | N85: 6 | P85: =IF(ISBLANK(O85),"NO COUPON",O85) -> NO COUPON | Q85: Google | R85: 381.02
A86: ORD200097 | B86: 45678 | C86: =YEAR(B86) -> 2025 | D86: =TEXT(B86,"mmmm") -> January | E86: ="Q"&ROUNDUP(MONTH(B86)/3,0) -> Q1 | F86: C15624 | G86: Tablet | H86: 5 | I86: 619.52 | J86: 922 Main St | K86: Debit Card | L86: Pending | M86: TRK40621141 | N86: 9 | P86: =IF(ISBLANK(O86),"NO COUPON",O86) -> NO COUPON | Q86: Email | R86: 3097.6
A87: ORD200514 | B87: 45032 | C87: =YEAR(B87) -> 2023 | D87: =TEXT(B87,"mmmm") -> April | E87: ="Q"&ROUNDUP(MONTH(B87)/3,0) -> Q2 | F87: C15629 | G87: Printer | H87: 3 | I87: 304.15 | J87: 492 Main St | K87: Gift Card | L87: Shipped | M87: TRK64926044 | N87: 3 | O87: WINTER15 | P87: =IF(ISBLANK(O87),"NO COUPON",O87) -> WINTER15 | Q87: Instagram | R87: 912.45
A88: ORD200083 | B88: 45160 | C88: =YEAR(B88) -> 2023 | D88: =TEXT(B88,"mmmm") -> August | E88: ="Q"&ROUNDUP(MONTH(B88)/3,0) -> Q3 | F88: C15681 | G88: Laptop | H88: 4 | I88: 540.41 | J88: 989 Main St | K88: Credit Card | L88: Cancelled | M88: TRK75112172 | N88: 6 | P88: =IF(ISBLANK(O88),"NO COUPON",O88) -> NO COUPON | Q88: Referral | R88: 2161.64
A89: ORD201169 | B89: 45649 | C89: =YEAR(B89) -> 2024 | D89: =TEXT(B89,"mmmm") -> December | E89: ="Q"&ROUNDUP(MONTH(B89)/3,0) -> Q4 | F89: C15849 | G89: Chair | H89: 1 | I89: 525.43 | J89: 643 Main St | K89: Cash | L89: Cancelled | M89: TRK26794546 | N89: 2 | O89: SAVE10 | P89: =IF(ISBLANK(O89),"NO COUPON",O89) -> SAVE10 | Q89: Instagram | R89: 525.43
A90: ORD200038 | B90: 45645 | C90: =YEAR(B90) -> 2024 | D90: =TEXT(B90,"mmmm") -> December | E90: ="Q"&ROUNDUP(MONTH(B90)/3,0) -> Q4 | F90: C15924 | G90: Laptop | H90: 1 | I90: 245.89 | J90: 549 Main St | K90: Debit Card | L90: Delivered | M90: TRK14835975 | N90: 3 | O90: SAVE10 | P90: =IF(ISBLANK(O90),"NO COUPON",O90) -> SAVE10 | Q90: Google | R90: 245.89
A91: ORD200353 | B91: 45744 | C91: =YEAR(B91) -> 2025 | D91: =TEXT(B91,"mmmm") -> March | E91: ="Q"&ROUNDUP(MONTH(B91)/3,0) -> Q1 | F91: C16012 | G91: Tablet | H91: 1 | I91: 630.82 | J91: 171 Main St | K91: Online | L91: Delivered | M91: TRK15195225 | N91: 5 | O91: FREESHIP | P91: =IF(ISBLANK(O91),"NO COUPON",O91) -> FREESHIP | Q91: Google | R91: 630.82
A92: ORD200134 | B92: 45831 | C92: =YEAR(B92) -> 2025 | D92: =TEXT(B92,"mmmm") -> June | E92: ="Q"&ROUNDUP(MONTH(B92)/3,0) -> Q2 | F92: C16253 | G92: Laptop | H92: 2 | I92: 199.7 | J92: 583 Main St | K92: Cash | L92: Pending | M92: TRK17354894 | N92: 4 | P92: =IF(ISBLANK(O92),"NO COUPON",O92) -> NO COUPON | Q92: Email | R92: 399.4
A93: ORD201091 | B93: 45573 | C93: =YEAR(B93) -> 2024 | D93: =TEXT(B93,"mmmm") -> October | E93: ="Q"&ROUNDUP(MONTH(B93)/3,0) -> Q4 | F93: C16400 | G93: Laptop | H93: 3 | I93: 209.48 | J93: 123 Main St | K93: Debit Card | L93: Pending | M93: TRK57771859 | N93: 4 | P93: =IF(ISBLANK(O93),"NO COUPON",O93) -> NO COUPON | Q93: Email | R93: 628.44
A94: ORD200835 | B94: 45377 | C94: =YEAR(B94) -> 2024 | D94: =TEXT(B94,"mmmm") -> March | E94: ="Q"&ROUNDUP(MONTH(B94)/3,0) -> Q1 | F94: C16429 | G94: Desk | H94: 1 | I94: 679.65 | J94: 390 Main St | K94: Debit Card | L94: Shipped | M94: TRK73888013 | N94: 6 | O94: FREESHIP | P94: =IF(ISBLANK(O94),"NO COUPON",O94) -> FREESHIP | Q94: Google | R94: 679.65
A95: ORD200182 | B95: 45735 | C95: =YEAR(B95) -> 2025 | D95: =TEXT(B95,"mmmm") -> March | E95: ="Q"&ROUNDUP(MONTH(B95)/3,0) -> Q1 | F95: C16612 | G95: Desk | H95: 1 | I95: 600.54 | J95: 596 Main St | K95: Debit Card | L95: Pending | M95: TRK96188223 | N95: 4 | O95: WINTER15 | P95: =IF(ISBLANK(O95),"NO COUPON",O95) -> WINTER15 | Q95: Google | R95: 600.54
A96: ORD200849 | B96: 45817 | C96: =YEAR(B96) -> 2025 | D96: =TEXT(B96,"mmmm") -> June | E96: ="Q"&ROUNDUP(MONTH(B96)/3,0) -> Q2 | F96: C16675 | G96: Printer | H96: 4 | I96: 214.35 | J96: 664 Main St | K96: Debit Card | L96: Cancelled | M96: TRK12756945 | N96: 7 | O96: WINTER15 | P96: =IF(ISBLANK(O96),"NO COUPON",O96) -> WINTER15 | Q96: Referral | R96: 857.4
A97: ORD200904 | B97: 45693 | C97: =YEAR(B97) -> 2025 | D97: =TEXT(B97,"mmmm") -> February | E97: ="Q"&ROUNDUP(MONTH(B97)/3,0) -> Q1 | F97: C16693 | G97: Monitor | H97: 4 | I97: 237.43 | J97: 262 Main St | K97: Cash | L97: Cancelled | M97: TRK41146508 | N97: 8 | O97: WINTER15 | P97: =IF(ISBLANK(O97),"NO COUPON",O97) -> WINTER15 | Q97: Referral | R97: 949.72
A98: ORD200680 | B98: 45165 | C98: =YEAR(B98) -> 2023 | D98: =TEXT(B98,"mmmm") -> August | E98: ="Q"&ROUNDUP(MONTH(B98)/3,0) -> Q3 | F98: C16702 | G98: Monitor | H98: 3 | I98: 463.39 | J98: 694 Main St | K98: Credit Card | L98: Returned | M98: TRK16953491 | N98: 3 | P98: =IF(ISBLANK(O98),"NO COUPON",O98) -> NO COUPON | Q98: Facebook | R98: 1390.17
A99: ORD200478 | B99: 45597 | C99: =YEAR(B99) -> 2024 | D99: =TEXT(B99,"mmmm") -> November | E99: ="Q"&ROUNDUP(MONTH(B99)/3,0) -> Q4 | F99: C16758 | G99: Tablet | H99: 3 | I99: 62.77 | J99: 914 Main St | K99: Gift Card | L99: Shipped | M99: TRK88544431 | N99: 6 | O99: FREESHIP | P99: =IF(ISBLANK(O99),"NO COUPON",O99) -> FREESHIP | Q99: Referral | R99: 188.31
A100: ORD200107 | B100: 45012 | C100: =YEAR(B100) -> 2023 | D100: =TEXT(B100,"mmmm") -> March | E100: ="Q"&ROUNDUP(MONTH(B100)/3,0) -> Q1 | F100: C16775 | G100: Printer | H100: 5 | I100: 670.75 | J100: 848 Main St | K100: Gift Card | L100: Shipped | M100: TRK34392124 | N100: 8 | O100: FREESHIP | P100: =IF(ISBLANK(O100),"NO COUPON",O100) -> FREESHIP | Q100: Instagram | R100: 3353.75
...

Sheet Z-Score Outliers
A1: OrderID | B1: Date | C1: Year | D1: Month | E1: Quarter | F1: CustomerID | G1: Product | H1: Quantity | I1: UnitPrice | J1: ShippingAddress | K1: PaymentMethod | L1: OrderStatus | M1: TrackingNumber | N1: ItemsInCart | O1: CouponCode | P1: CouponCode2 | Q1: ReferralSource | R1: TotalPrice | S1: ProductAverage | T1: SD of product | U1: Z-Score | V1: Outliers?
A2: ORD200853 | B2: 45215 | C2: =YEAR(B2) -> 2023 | D2: =TEXT(B2,"mmmm") -> October | E2: ="Q"&ROUNDUP(MONTH(B2)/3,0) -> Q4 | F2: C10002 | G2: Printer | H2: 3 | I2: 490.01 | J2: 894 Main St | K2: Cash | L2: Returned | M2: TRK94641152 | N2: 4 | O2: SAVE10 | P2: =IF(ISBLANK(O2),"NO COUPON",O2) -> SAVE10 | Q2: Facebook | R2: 1470.03 | S2: =AVERAGEIF($G$2:$G$1201,G2,$R$2:$R$1201) -> 1080.7327 | T2: {=_xlfn.STDEV.P(_xlfn._xlws.FILTER($R$2:$R$1201,$G$2:$G$1201=G2))} -> 851.72194 | U2: =ABS(I2-S2)/T2 -> 0.6935628 | V2: =IF(U2>3,"Yes","No") -> No
A3: ORD200037 | B3: 45579 | C3: =YEAR(B3) -> 2024 | D3: =TEXT(B3,"mmmm") -> October | E3: ="Q"&ROUNDUP(MONTH(B3)/3,0) -> Q4 | F3: C10054 | G3: Laptop | H3: 2 | I3: 76.74 | J3: 409 Main St | K3: Cash | L3: Returned | M3: TRK94005261 | N3: 7 | O3: SAVE10 | P3: =IF(ISBLANK(O3),"NO COUPON",O3) -> SAVE10 | Q3: Instagram | R3: 153.48 | S3: =AVERAGEIF($G$2:$G$1201,G3,$R$2:$R$1201) -> 1110.5582 | T3: {=_xlfn.STDEV.P(_xlfn._xlws.FILTER($R$2:$R$1201,$G$2:$G$1201=G3))} -> 859.60878 | U3: =ABS(I3-S3)/T3 -> 1.2026612 | V3: =IF(U3>3,"Yes","No") -> No
A4: ORD200201 | B4: 45095 | C4: =YEAR(B4) -> 2023 | D4: =TEXT(B4,"mmmm") -> June | E4: ="Q"&ROUNDUP(MONTH(B4)/3,0) -> Q2 | F4: C10126 | G4: Monitor | H4: 2 | I4: 674.9 | J4: 146 Main St | K4: Online | L4: Shipped | M4: TRK75607531 | N4: 4 | O4: SAVE10 | P4: =IF(ISBLANK(O4),"NO COUPON",O4) -> SAVE10 | Q4: Facebook | R4: 1349.8 | S4: =AVERAGEIF($G$2:$G$1201,G4,$R$2:$R$1201) -> 1077.616 | T4: {=_xlfn.STDEV.P(_xlfn._xlws.FILTER($R$2:$R$1201,$G$2:$G$1201=G4))} -> 847.57365 | U4: =ABS(I4-S4)/T4 -> 0.47513985 | V4: =IF(U4>3,"Yes","No") -> No
A5: ORD200728 | B5: 45502 | C5: =YEAR(B5) -> 2024 | D5: =TEXT(B5,"mmmm") -> July | E5: ="Q"&ROUNDUP(MONTH(B5)/3,0) -> Q3 | F5: C10154 | G5: Desk | H5: 4 | I5: 325.76 | J5: 827 Main St | K5: Gift Card | L5: Shipped | M5: TRK79793300 | N5: 8 | O5: WINTER15 | P5: =IF(ISBLANK(O5),"NO COUPON",O5) -> WINTER15 | Q5: Email | R5: 1303.04 | S5: =AVERAGEIF($G$2:$G$1201,G5,$R$2:$R$1201) -> 985.05841 | T5: {=_xlfn.STDEV.P(_xlfn._xlws.FILTER($R$2:$R$1201,$G$2:$G$1201=G5))} -> 745.08439 | U5: =ABS(I5-S5)/T5 -> 0.88486407 | V5: =IF(U5>3,"Yes","No") -> No
A6: ORD200991 | B6: 45421 | C6: =YEAR(B6) -> 2024 | D6: =TEXT(B6,"mmmm") -> May | E6: ="Q"&ROUNDUP(MONTH(B6)/3,0) -> Q2 | F6: C10211 | G6: Desk | H6: 5 | I6: 127.18 | J6: 598 Main St | K6: Debit Card | L6: Cancelled | M6: TRK68938335 | N6: 10 | O6: FREESHIP | P6: =IF(ISBLANK(O6),"NO COUPON",O6) -> FREESHIP | Q6: Google | R6: 635.9 | S6: =AVERAGEIF($G$2:$G$1201,G6,$R$2:$R$1201) -> 985.05841 | T6: {=_xlfn.STDEV.P(_xlfn._xlws.FILTER($R$2:$R$1201,$G$2:$G$1201=G6))} -> 745.08439 | U6: =ABS(I6-S6)/T6 -> 1.1513842 | V6: =IF(U6>3,"Yes","No") -> No
A7: ORD201184 | B7: 45196 | C7: =YEAR(B7) -> 2023 | D7: =TEXT(B7,"mmmm") -> September | E7: ="Q"&ROUNDUP(MONTH(B7)/3,0) -> Q3 | F7: C10222 | G7: Laptop | H7: 1 | I7: 204.08 | J7: 979 Main St | K7: Gift Card | L7: Returned | M7: TRK86297895 | N7: 4 | P7: =IF(ISBLANK(O7),"NO COUPON",O7) -> NO COUPON | Q7: Google | R7: 204.08 | S7: =AVERAGEIF($G$2:$G$1201,G7,$R$2:$R$1201) -> 1110.5582 | T7: {=_xlfn.STDEV.P(_xlfn._xlws.FILTER($R$2:$R$1201,$G$2:$G$1201=G7))} -> 859.60878 | U7: =ABS(I7-S7)/T7 -> 1.0545241 | V7: =IF(U7>3,"Yes","No") -> No
A8: ORD200667 | B8: 45049 | C8: =YEAR(B8) -> 2023 | D8: =TEXT(B8,"mmmm") -> May | E8: ="Q"&ROUNDUP(MONTH(B8)/3,0) -> Q2 | F8: C10477 | G8: Laptop | H8: 1 | I8: 466.42 | J8: 172 Main St | K8: Gift Card | L8: Pending | M8: TRK41505339 | N8: 5 | O8: SAVE10 | P8: =IF(ISBLANK(O8),"NO COUPON",O8) -> SAVE10 | Q8: Email | R8: 466.42 | S8: =AVERAGEIF($G$2:$G$1201,G8,$R$2:$R$1201) -> 1110.5582 | T8: {=_xlfn.STDEV.P(_xlfn._xlws.FILTER($R$2:$R$1201,$G$2:$G$1201=G8))} -> 859.60878 | U8: =ABS(I8-S8)/T8 -> 0.74933873 | V8: =IF(U8>3,"Yes","No") -> No
A9: ORD200744 | B9: 45455 | C9: =YEAR(B9) -> 2024 | D9: =TEXT(B9,"mmmm") -> June | E9: ="Q"&ROUNDUP(MONTH(B9)/3,0) -> Q2 | F9: C10642 | G9: Tablet | H9: 2 | I9: 461.37 | J9: 200 Main St | K9: Cash | L9: Delivered | M9: TRK98725693 | N9: 5 | O9: SAVE10 | P9: =IF(ISBLANK(O9),"NO COUPON",O9) -> SAVE10 | Q9: Google | R9: 922.74 | S9: =AVERAGEIF($G$2:$G$1201,G9,$R$2:$R$1201) -> 1042.2846 | T9: {=_xlfn.STDEV.P(_xlfn._xlws.FILTER($R$2:$R$1201,$G$2:$G$1201=G9))} -> 832.06806 | U9: =ABS(I9-S9)/T9 -> 0.6981576 | V9: =IF(U9>3,"Yes","No") -> No
A10: ORD201055 | B10: 45222 | C10: =YEAR(B10) -> 2023 | D10: =TEXT(B10,"mmmm") -> October | E10: ="Q"&ROUNDUP(MONTH(B10)/3,0) -> Q4 | F10: C10787 | G10: Monitor | H10: 4 | I10: 274.82 | J10: 932 Main St | K10: Debit Card | L10: Delivered | M10: TRK91512567 | N10: 9 | O10: WINTER15 | P10: =IF(ISBLANK(O10),"NO COUPON",O10) -> WINTER15 | Q10: Email | R10: 1099.28 | S10: =AVERAGEIF($G$2:$G$1201,G10,$R$2:$R$1201) -> 1077.616 | T10: {=_xlfn.STDEV.P(_xlfn._xlws.FILTER($R$2:$R$1201,$G$2:$G$1201=G10))} -> 847.57365 | U10: =ABS(I10-S10)/T10 -> 0.94716962 | V10: =IF(U10>3,"Yes","No") -> No
A11: ORD201066 | B11: 45280 | C11: =YEAR(B11) -> 2023 | D11: =TEXT(B11,"mmmm") -> December | E11: ="Q"&ROUNDUP(MONTH(B11)/3,0) -> Q4 | F11: C10791 | G11: Desk | H11: 1 | I11: 355.09 | J11: 674 Main St | K11: Debit Card | L11: Cancelled | M11: TRK20321248 | N11: 5 | O11: SAVE10 | P11: =IF(ISBLANK(O11),"NO COUPON",O11) -> SAVE10 | Q11: Instagram | R11: 355.09 | S11: =AVERAGEIF($G$2:$G$1201,G11,$R$2:$R$1201) -> 985.05841 | T11: {=_xlfn.STDEV.P(_xlfn._xlws.FILTER($R$2:$R$1201,$G$2:$G$1201=G11))} -> 745.08439 | U11: =ABS(I11-S11)/T11 -> 0.84549941 | V11: =IF(U11>3,"Yes","No") -> No
A12: ORD200254 | B12: 45286 | C12: =YEAR(B12) -> 2023 | D12: =TEXT(B12,"mmmm") -> December | E12: ="Q"&ROUNDUP(MONTH(B12)/3,0) -> Q4 | F12: C10866 | G12: Monitor | H12: 3 | I12: 263.19 | J12: 770 Main St | K12: Online | L12: Delivered | M12: TRK34809583 | N12: 5 | P12: =IF(ISBLANK(O12),"NO COUPON",O12) -> NO COUPON | Q12: Instagram | R12: 789.57 | S12: =AVERAGEIF($G$2:$G$1201,G12,$R$2:$R$1201) -> 1077.616 | T12: {=_xlfn.STDEV.P(_xlfn._xlws.FILTER($R$2:$R$1201,$G$2:$G$1201=G12))} -> 847.57365 | U12: =ABS(I12-S12)/T12 -> 0.96089115 | V12: =IF(U12>3,"Yes","No") -> No
A13: ORD200740 | B13: 45493 | C13: =YEAR(B13) -> 2024 | D13: =TEXT(B13,"mmmm") -> July | E13: ="Q"&ROUNDUP(MONTH(B13)/3,0) -> Q3 | F13: C10892 | G13: Desk | H13: 2 | I13: 377.47 | J13: 433 Main St | K13: Cash | L13: Pending | M13: TRK76154554 | N13: 7 | P13: =IF(ISBLANK(O13),"NO COUPON",O13) -> NO COUPON | Q13: Google | R13: 754.94 | S13: =AVERAGEIF($G$2:$G$1201,G13,$R$2:$R$1201) -> 985.05841 | T13: {=_xlfn.STDEV.P(_xlfn._xlws.FILTER($R$2:$R$1201,$G$2:$G$1201=G13))} -> 745.08439 | U13: =ABS(I13-S13)/T13 -> 0.81546254 | V13: =IF(U13>3,"Yes","No") -> No
A14: ORD200859 | B14: 45532 | C14: =YEAR(B14) -> 2024 | D14: =TEXT(B14,"mmmm") -> August | E14: ="Q"&ROUNDUP(MONTH(B14)/3,0) -> Q3 | F14: C11127 | G14: Chair | H14: 5 | I14: 261.33 | J14: 154 Main St | K14: Credit Card | L14: Returned | M14: TRK73285507 | N14: 5 | O14: SAVE10 | P14: =IF(ISBLANK(O14),"NO COUPON",O14) -> SAVE10 | Q14: Referral | R14: 1306.65 | S14: =AVERAGEIF($G$2:$G$1201,G14,$R$2:$R$1201) -> 1098.9894 | T14: {=_xlfn.STDEV.P(_xlfn._xlws.FILTER($R$2:$R$1201,$G$2:$G$1201=G14))} -> 817.71888 | U14: =ABS(I14-S14)/T14 -> 1.0243855 | V14: =IF(U14>3,"Yes","No") -> No
A15: ORD200277 | B15: 45544 | C15: =YEAR(B15) -> 2024 | D15: =TEXT(B15,"mmmm") -> September | E15: ="Q"&ROUNDUP(MONTH(B15)/3,0) -> Q3 | F15: C11210 | G15: Chair | H15: 5 | I15: 90.92 | J15: 910 Main St | K15: Credit Card | L15: Delivered | M15: TRK44929965 | N15: 9 | O15: SAVE10 | P15: =IF(ISBLANK(O15),"NO COUPON",O15) -> SAVE10 | Q15: Facebook | R15: 454.6 | S15: =AVERAGEIF($G$2:$G$1201,G15,$R$2:$R$1201) -> 1098.9894 | T15: {=_xlfn.STDEV.P(_xlfn._xlws.FILTER($R$2:$R$1201,$G$2:$G$1201=G15))} -> 817.71888 | U15: =ABS(I15-S15)/T15 -> 1.2327823 | V15: =IF(U15>3,"Yes","No") -> No
A16: ORD200511 | B16: 45366 | C16: =YEAR(B16) -> 2024 | D16: =TEXT(B16,"mmmm") -> March | E16: ="Q"&ROUNDUP(MONTH(B16)/3,0) -> Q1 | F16: C11415 | G16: Monitor | H16: 5 | I16: 575.24 | J16: 267 Main St | K16: Cash | L16: Delivered | M16: TRK65061457 | N16: 7 | O16: WINTER15 | P16: =IF(ISBLANK(O16),"NO COUPON",O16) -> WINTER15 | Q16: Email | R16: 2876.2 | S16: =AVERAGEIF($G$2:$G$1201,G16,$R$2:$R$1201) -> 1077.616 | T16: {=_xlfn.STDEV.P(_xlfn._xlws.FILTER($R$2:$R$1201,$G$2:$G$1201=G16))} -> 847.57365 | U16: =ABS(I16-S16)/T16 -> 0.59272255 | V16: =IF(U16>3,"Yes","No") -> No
A17: ORD201135 | B17: 45288 | C17: =YEAR(B17) -> 2023 | D17: =TEXT(B17,"mmmm") -> December | E17: ="Q"&ROUNDUP(MONTH(B17)/3,0) -> Q4 | F17: C11473 | G17: Printer | H17: 2 | I17: 73.41 | J17: 562 Main St | K17: Online | L17: Shipped | M17: TRK97793275 | N17: 2 | O17: SAVE10 | P17: =IF(ISBLANK(O17),"NO COUPON",O17) -> SAVE10 | Q17: Google | R17: 146.82 | S17: =AVERAGEIF($G$2:$G$1201,G17,$R$2:$R$1201) -> 1080.7327 | T17: {=_xlfn.STDEV.P(_xlfn._xlws.FILTER($R$2:$R$1201,$G$2:$G$1201=G17))} -> 851.72194 | U17: =ABS(I17-S17)/T17 -> 1.1826896 | V17: =IF(U17>3,"Yes","No") -> No
A18: ORD200193 | B18: 45128 | C18: =YEAR(B18) -> 2023 | D18: =TEXT(B18,"mmmm") -> July | E18: ="Q"&ROUNDUP(MONTH(B18)/3,0) -> Q3 | F18: C11644 | G18: Printer | H18: 1 | I18: 46.66 | J18: 429 Main St | K18: Cash | L18: Cancelled | M18: TRK81320339 | N18: 6 | P18: =IF(ISBLANK(O18),"NO COUPON",O18) -> NO COUPON | Q18: Google | R18: 46.66 | S18: =AVERAGEIF($G$2:$G$1201,G18,$R$2:$R$1201) -> 1080.7327 | T18: {=_xlfn.STDEV.P(_xlfn._xlws.FILTER($R$2:$R$1201,$G$2:$G$1201=G18))} -> 851.72194 | U18: =ABS(I18-S18)/T18 -> 1.2140965 | V18: =IF(U18>3,"Yes","No") -> No
A19: ORD200406 | B19: 45270 | C19: =YEAR(B19) -> 2023 | D19: =TEXT(B19,"mmmm") -> December | E19: ="Q"&ROUNDUP(MONTH(B19)/3,0) -> Q4 | F19: C11657 | G19: Tablet | H19: 4 | I19: 66.1 | J19: 572 Main St | K19: Cash | L19: Returned | M19: TRK50284486 | N19: 9 | O19: WINTER15 | P19: =IF(ISBLANK(O19),"NO COUPON",O19) -> WINTER15 | Q19: Google | R19: 264.4 | S19: =AVERAGEIF($G$2:$G$1201,G19,$R$2:$R$1201) -> 1042.2846 | T19: {=_xlfn.STDEV.P(_xlfn._xlws.FILTER($R$2:$R$1201,$G$2:$G$1201=G19))} -> 832.06806 | U19: =ABS(I19-S19)/T19 -> 1.1732029 | V19: =IF(U19>3,"Yes","No") -> No
A20: ORD200218 | B20: 45044 | C20: =YEAR(B20) -> 2023 | D20: =TEXT(B20,"mmmm") -> April | E20: ="Q"&ROUNDUP(MONTH(B20)/3,0) -> Q2 | F20: C11665 | G20: Tablet | H20: 3 | I20: 112.46 | J20: 882 Main St | K20: Gift Card | L20: Shipped | M20: TRK10993930 | N20: 6 | O20: SAVE10 | P20: =IF(ISBLANK(O20),"NO COUPON",O20) -> SAVE10 | Q20: Instagram | R20: 337.38 | S20: =AVERAGEIF($G$2:$G$1201,G20,$R$2:$R$1201) -> 1042.2846 | T20: {=_xlfn.STDEV.P(_xlfn._xlws.FILTER($R$2:$R$1201,$G$2:$G$1201=G20))} -> 832.06806 | U20: =ABS(I20-S20)/T20 -> 1.1174863 | V20: =IF(U20>3,"Yes","No") -> No
A21: ORD200504 | B21: 45819 | C21: =YEAR(B21) -> 2025 | D21: =TEXT(B21,"mmmm") -> June | E21: ="Q"&ROUNDUP(MONTH(B21)/3,0) -> Q2 | F21: C11676 | G21: Monitor | H21: 2 | I21: 464.5 | J21: 805 Main St | K21: Online | L21: Cancelled | M21: TRK35726395 | N21: 2 | O21: WINTER15 | P21: =IF(ISBLANK(O21),"NO COUPON",O21) -> WINTER15 | Q21: Instagram | R21: 929 | S21: =AVERAGEIF($G$2:$G$1201,G21,$R$2:$R$1201) -> 1077.616 | T21: {=_xlfn.STDEV.P(_xlfn._xlws.FILTER($R$2:$R$1201,$G$2:$G$1201=G21))} -> 847.57365 | U21: =ABS(I21-S21)/T21 -> 0.72337786 | V21: =IF(U21>3,"Yes","No") -> No
A22: ORD200414 | B22: 45781 | C22: =YEAR(B22) -> 2025 | D22: =TEXT(B22,"mmmm") -> May | E22: ="Q"&ROUNDUP(MONTH(B22)/3,0) -> Q2 | F22: C11829 | G22: Desk | H22: 2 | I22: 139.57 | J22: 797 Main St | K22: Cash | L22: Delivered | M22: TRK84229257 | N22: 4 | O22: WINTER15 | P22: =IF(ISBLANK(O22),"NO COUPON",O22) -> WINTER15 | Q22: Facebook | R22: 279.14 | S22: =AVERAGEIF($G$2:$G$1201,G22,$R$2:$R$1201) -> 985.05841 | T22: {=_xlfn.STDEV.P(_xlfn._xlws.FILTER($R$2:$R$1201,$G$2:$G$1201=G22))} -> 745.08439 | U22: =ABS(I22-S22)/T22 -> 1.1347552 | V22: =IF(U22>3,"Yes","No") -> No
A23: ORD200273 | B23: 45592 | C23: =YEAR(B23) -> 2024 | D23: =TEXT(B23,"mmmm") -> October | E23: ="Q"&ROUNDUP(MONTH(B23)/3,0) -> Q4 | F23: C11849 | G23: Tablet | H23: 2 | I23: 238.25 | J23: 974 Main St | K23: Online | L23: Cancelled | M23: TRK91195261 | N23: 7 | O23: FREESHIP | P23: =IF(ISBLANK(O23),"NO COUPON",O23) -> FREESHIP | Q23: Email | R23: 476.5 | S23: =AVERAGEIF($G$2:$G$1201,G23,$R$2:$R$1201) -> 1042.2846 | T23: {=_xlfn.STDEV.P(_xlfn._xlws.FILTER($R$2:$R$1201,$G$2:$G$1201=G23))} -> 832.06806 | U23: =ABS(I23-S23)/T23 -> 0.96630874 | V23: =IF(U23>3,"Yes","No") -> No
A24: ORD201045 | B24: 45555 | C24: =YEAR(B24) -> 2024 | D24: =TEXT(B24,"mmmm") -> September | E24: ="Q"&ROUNDUP(MONTH(B24)/3,0) -> Q3 | F24: C11893 | G24: Laptop | H24: 5 | I24: 316.4 | J24: 671 Main St | K24: Gift Card | L24: Returned | M24: TRK72012758 | N24: 7 | P24: =IF(ISBLANK(O24),"NO COUPON",O24) -> NO COUPON | Q24: Email | R24: 1582 | S24: =AVERAGEIF($G$2:$G$1201,G24,$R$2:$R$1201) -> 1110.5582 | T24: {=_xlfn.STDEV.P(_xlfn._xlws.FILTER($R$2:$R$1201,$G$2:$G$1201=G24))} -> 859.60878 | U24: =ABS(I24-S24)/T24 -> 0.92385998 | V24: =IF(U24>3,"Yes","No") -> No
A25: ORD200408 | B25: 45658 | C25: =YEAR(B25) -> 2025 | D25: =TEXT(B25,"mmmm") -> January | E25: ="Q"&ROUNDUP(MONTH(B25)/3,0) -> Q1 | F25: C11906 | G25: Printer | H25: 3 | I25: 412.53 | J25: 536 Main St | K25: Online | L25: Pending | M25: TRK31140158 | N25: 6 | O25: WINTER15 | P25: =IF(ISBLANK(O25),"NO COUPON",O25) -> WINTER15 | Q25: Google | R25: 1237.59 | S25: =AVERAGEIF($G$2:$G$1201,G25,$R$2:$R$1201) -> 1080.7327 | T25: {=_xlfn.STDEV.P(_xlfn._xlws.FILTER($R$2:$R$1201,$G$2:$G$1201=G25))} -> 851.72194 | U25: =ABS(I25-S25)/T25 -> 0.78453145 | V25: =IF(U25>3,"Yes","No") -> No
A26: ORD200420 | B26: 45625 | C26: =YEAR(B26) -> 2024 | D26: =TEXT(B26,"mmmm") -> November | E26: ="Q"&ROUNDUP(MONTH(B26)/3,0) -> Q4 | F26: C11921 | G26: Phone | H26: 1 | I26: 452.7 | J26: 439 Main St | K26: Debit Card | L26: Shipped | M26: TRK91362635 | N26: 5 | O26: FREESHIP | P26: =IF(ISBLANK(O26),"NO COUPON",O26) -> FREESHIP | Q26: Instagram | R26: 452.7 | S26: =AVERAGEIF($G$2:$G$1201,G26,$R$2:$R$1201) -> 972.57942 | T26: {=_xlfn.STDEV.P(_xlfn._xlws.FILTER($R$2:$R$1201,$G$2:$G$1201=G26))} -> 756.87137 | U26: =ABS(I26-S26)/T26 -> 0.6868795 | V26: =IF(U26>3,"Yes","No") -> No
A27: ORD200489 | B27: 45174 | C27: =YEAR(B27) -> 2023 | D27: =TEXT(B27,"mmmm") -> September | E27: ="Q"&ROUNDUP(MONTH(B27)/3,0) -> Q3 | F27: C11940 | G27: Tablet | H27: 3 | I27: 149.34 | J27: 589 Main St | K27: Gift Card | L27: Cancelled | M27: TRK85466461 | N27: 7 | O27: WINTER15 | P27: =IF(ISBLANK(O27),"NO COUPON",O27) -> WINTER15 | Q27: Email | R27: 448.02 | S27: =AVERAGEIF($G$2:$G$1201,G27,$R$2:$R$1201) -> 1042.2846 | T27: {=_xlfn.STDEV.P(_xlfn._xlws.FILTER($R$2:$R$1201,$G$2:$G$1201=G27))} -> 832.06806 | U27: =ABS(I27-S27)/T27 -> 1.073163 | V27: =IF(U27>3,"Yes","No") -> No
A28: ORD200049 | B28: 45206 | C28: =YEAR(B28) -> 2023 | D28: =TEXT(B28,"mmmm") -> October | E28: ="Q"&ROUNDUP(MONTH(B28)/3,0) -> Q4 | F28: C11985 | G28: Printer | H28: 1 | I28: 30.44 | J28: 633 Main St | K28: Credit Card | L28: Shipped | M28: TRK53272402 | N28: 1 | O28: SAVE10 | P28: =IF(ISBLANK(O28),"NO COUPON",O28) -> SAVE10 | Q28: Email | R28: 30.44 | S28: =AVERAGEIF($G$2:$G$1201,G28,$R$2:$R$1201) -> 1080.7327 | T28: {=_xlfn.STDEV.P(_xlfn._xlws.FILTER($R$2:$R$1201,$G$2:$G$1201=G28))} -> 851.72194 | U28: =ABS(I28-S28)/T28 -> 1.2331403 | V28: =IF(U28>3,"Yes","No") -> No
A29: ORD201141 | B29: 45704 | C29: =YEAR(B29) -> 2025 | D29: =TEXT(B29,"mmmm") -> February | E29: ="Q"&ROUNDUP(MONTH(B29)/3,0) -> Q1 | F29: C11998 | G29: Chair | H29: 3 | I29: 498.66 | J29: 382 Main St | K29: Cash | L29: Cancelled | M29: TRK26707221 | N29: 6 | P29: =IF(ISBLANK(O29),"NO COUPON",O29) -> NO COUPON | Q29: Email | R29: 1495.98 | S29: =AVERAGEIF($G$2:$G$1201,G29,$R$2:$R$1201) -> 1098.9894 | T29: {=_xlfn.STDEV.P(_xlfn._xlws.FILTER($R$2:$R$1201,$G$2:$G$1201=G29))} -> 817.71888 | U29: =ABS(I29-S29)/T29 -> 0.73415131 | V29: =IF(U29>3,"Yes","No") -> No
A30: ORD200563 | B30: 45272 | C30: =YEAR(B30) -> 2023 | D30: =TEXT(B30,"mmmm") -> December | E30: ="Q"&ROUNDUP(MONTH(B30)/3,0) -> Q4 | F30: C12039 | G30: Laptop | H30: 1 | I30: 132.68 | J30: 844 Main St | K30: Debit Card | L30: Returned | M30: TRK68645763 | N30: 1 | O30: SAVE10 | P30: =IF(ISBLANK(O30),"NO COUPON",O30) -> SAVE10 | Q30: Referral | R30: 132.68 | S30: =AVERAGEIF($G$2:$G$1201,G30,$R$2:$R$1201) -> 1110.5582 | T30: {=_xlfn.STDEV.P(_xlfn._xlws.FILTER($R$2:$R$1201,$G$2:$G$1201=G30))} -> 859.60878 | U30: =ABS(I30-S30)/T30 -> 1.1375851 | V30: =IF(U30>3,"Yes","No") -> No
A31: ORD200260 | B31: 45063 | C31: =YEAR(B31) -> 2023 | D31: =TEXT(B31,"mmmm") -> May | E31: ="Q"&ROUNDUP(MONTH(B31)/3,0) -> Q2 | F31: C12245 | G31: Monitor | H31: 2 | I31: 407.79 | J31: 153 Main St | K31: Debit Card | L31: Shipped | M31: TRK22000463 | N31: 3 | P31: =IF(ISBLANK(O31),"NO COUPON",O31) -> NO COUPON | Q31: Google | R31: 815.58 | S31: =AVERAGEIF($G$2:$G$1201,G31,$R$2:$R$1201) -> 1077.616 | T31: {=_xlfn.STDEV.P(_xlfn._xlws.FILTER($R$2:$R$1201,$G$2:$G$1201=G31))} -> 847.57365 | U31: =ABS(I31-S31)/T31 -> 0.7902865 | V31: =IF(U31>3,"Yes","No") -> No
A32: ORD201052 | B32: 45180 | C32: =YEAR(B32) -> 2023 | D32: =TEXT(B32,"mmmm") -> September | E32: ="Q"&ROUNDUP(MONTH(B32)/3,0) -> Q3 | F32: C12301 | G32: Tablet | H32: 1 | I32: 531.74 | J32: 493 Main St | K32: Online | L32: Shipped | M32: TRK25145796 | N32: 1 | O32: WINTER15 | P32: =IF(ISBLANK(O32),"NO COUPON",O32) -> WINTER15 | Q32: Google | R32: 531.74 | S32: =AVERAGEIF($G$2:$G$1201,G32,$R$2:$R$1201) -> 1042.2846 | T32: {=_xlfn.STDEV.P(_xlfn._xlws.FILTER($R$2:$R$1201,$G$2:$G$1201=G32))} -> 832.06806 | U32: =ABS(I32-S32)/T32 -> 0.61358519 | V32: =IF(U32>3,"Yes","No") -> No
A33: ORD200032 | B33: 45047 | C33: =YEAR(B33) -> 2023 | D33: =TEXT(B33,"mmmm") -> May | E33: ="Q"&ROUNDUP(MONTH(B33)/3,0) -> Q2 | F33: C12388 | G33: Tablet | H33: 5 | I33: 536.72 | J33: 830 Main St | K33: Cash | L33: Delivered | M33: TRK99261395 | N33: 10 | P33: =IF(ISBLANK(O33),"NO COUPON",O33) -> NO COUPON | Q33: Email | R33: 2683.6 | S33: =AVERAGEIF($G$2:$G$1201,G33,$R$2:$R$1201) -> 1042.2846 | T33: {=_xlfn.STDEV.P(_xlfn._xlws.FILTER($R$2:$R$1201,$G$2:$G$1201=G33))} -> 832.06806 | U33: =ABS(I33-S33)/T33 -> 0.6076001 | V33: =IF(U33>3,"Yes","No") -> No
A34: ORD200048 | B34: 45164 | C34: =YEAR(B34) -> 2023 | D34: =TEXT(B34,"mmmm") -> August | E34: ="Q"&ROUNDUP(MONTH(B34)/3,0) -> Q3 | F34: C12408 | G34: Monitor | H34: 2 | I34: 80.77 | J34: 464 Main St | K34: Debit Card | L34: Shipped | M34: TRK38938858 | N34: 4 | P34: =IF(ISBLANK(O34),"NO COUPON",O34) -> NO COUPON | Q34: Google | R34: 161.54 | S34: =AVERAGEIF($G$2:$G$1201,G34,$R$2:$R$1201) -> 1077.616 | T34: {=_xlfn.STDEV.P(_xlfn._xlws.FILTER($R$2:$R$1201,$G$2:$G$1201=G34))} -> 847.57365 | U34: =ABS(I34-S34)/T34 -> 1.1761173 | V34: =IF(U34>3,"Yes","No") -> No
A35: ORD200386 | B35: 45044 | C35: =YEAR(B35) -> 2023 | D35: =TEXT(B35,"mmmm") -> April | E35: ="Q"&ROUNDUP(MONTH(B35)/3,0) -> Q2 | F35: C12421 | G35: Tablet | H35: 1 | I35: 93.02 | J35: 373 Main St | K35: Online | L35: Returned | M35: TRK32588504 | N35: 4 | P35: =IF(ISBLANK(O35),"NO COUPON",O35) -> NO COUPON | Q35: Email | R35: 93.02 | S35: =AVERAGEIF($G$2:$G$1201,G35,$R$2:$R$1201) -> 1042.2846 | T35: {=_xlfn.STDEV.P(_xlfn._xlws.FILTER($R$2:$R$1201,$G$2:$G$1201=G35))} -> 832.06806 | U35: =ABS(I35-S35)/T35 -> 1.1408497 | V35: =IF(U35>3,"Yes","No") -> No
A36: ORD200762 | B36: 45552 | C36: =YEAR(B36) -> 2024 | D36: =TEXT(B36,"mmmm") -> September | E36: ="Q"&ROUNDUP(MONTH(B36)/3,0) -> Q3 | F36: C12444 | G36: Phone | H36: 3 | I36: 76.96 | J36: 611 Main St | K36: Cash | L36: Returned | M36: TRK97621403 | N36: 8 | O36: FREESHIP | P36: =IF(ISBLANK(O36),"NO COUPON",O36) -> FREESHIP | Q36: Email | R36: 230.88 | S36: =AVERAGEIF($G$2:$G$1201,G36,$R$2:$R$1201) -> 972.57942 | T36: {=_xlfn.STDEV.P(_xlfn._xlws.FILTER($R$2:$R$1201,$G$2:$G$1201=G36))} -> 756.87137 | U36: =ABS(I36-S36)/T36 -> 1.1833179 | V36: =IF(U36>3,"Yes","No") -> No
A37: ORD200962 | B37: 45541 | C37: =YEAR(B37) -> 2024 | D37: =TEXT(B37,"mmmm") -> September | E37: ="Q"&ROUNDUP(MONTH(B37)/3,0) -> Q3 | F37: C12459 | G37: Phone | H37: 2 | I37: 142.08 | J37: 838 Main St | K37: Gift Card | L37: Delivered | M37: TRK30674085 | N37: 4 | O37: SAVE10 | P37: =IF(ISBLANK(O37),"NO COUPON",O37) -> SAVE10 | Q37: Referral | R37: 284.16 | S37: =AVERAGEIF($G$2:$G$1201,G37,$R$2:$R$1201) -> 972.57942 | T37: {=_xlfn.STDEV.P(_xlfn._xlws.FILTER($R$2:$R$1201,$G$2:$G$1201=G37))} -> 756.87137 | U37: =ABS(I37-S37)/T37 -> 1.0972795 | V37: =IF(U37>3,"Yes","No") -> No
A38: ORD201110 | B38: 45347 | C38: =YEAR(B38) -> 2024 | D38: =TEXT(B38,"mmmm") -> February | E38: ="Q"&ROUNDUP(MONTH(B38)/3,0) -> Q1 | F38: C12472 | G38: Chair | H38: 3 | I38: 84.31 | J38: 912 Main St | K38: Credit Card | L38: Shipped | M38: TRK36103184 | N38: 3 | O38: SAVE10 | P38: =IF(ISBLANK(O38),"NO COUPON",O38) -> SAVE10 | Q38: Email | R38: 252.93 | S38: =AVERAGEIF($G$2:$G$1201,G38,$R$2:$R$1201) -> 1098.9894 | T38: {=_xlfn.STDEV.P(_xlfn._xlws.FILTER($R$2:$R$1201,$G$2:$G$1201=G38))} -> 817.71888 | U38: =ABS(I38-S38)/T38 -> 1.2408658 | V38: =IF(U38>3,"Yes","No") -> No
A39: ORD200601 | B39: 45201 | C39: =YEAR(B39) -> 2023 | D39: =TEXT(B39,"mmmm") -> October | E39: ="Q"&ROUNDUP(MONTH(B39)/3,0) -> Q4 | F39: C12479 | G39: Monitor | H39: 5 | I39: 24.82 | J39: 529 Main St | K39: Credit Card | L39: Shipped | M39: TRK73935314 | N39: 10 | P39: =IF(ISBLANK(O39),"NO COUPON",O39) -> NO COUPON | Q39: Referral | R39: 124.1 | S39: =AVERAGEIF($G$2:$G$1201,G39,$R$2:$R$1201) -> 1077.616 | T39: {=_xlfn.STDEV.P(_xlfn._xlws.FILTER($R$2:$R$1201,$G$2:$G$1201=G39))} -> 847.57365 | U39: =ABS(I39-S39)/T39 -> 1.2421292 | V39: =IF(U39>3,"Yes","No") -> No
A40: ORD201105 | B40: 45299 | C40: =YEAR(B40) -> 2024 | D40: =TEXT(B40,"mmmm") -> January | E40: ="Q"&ROUNDUP(MONTH(B40)/3,0) -> Q1 | F40: C12487 | G40: Tablet | H40: 3 | I40: 475.69 | J40: 884 Main St | K40: Gift Card | L40: Cancelled | M40: TRK23324770 | N40: 3 | O40: FREESHIP | P40: =IF(ISBLANK(O40),"NO COUPON",O40) -> FREESHIP | Q40: Google | R40: 1427.07 | S40: =AVERAGEIF($G$2:$G$1201,G40,$R$2:$R$1201) -> 1042.2846 | T40: {=_xlfn.STDEV.P(_xlfn._xlws.FILTER($R$2:$R$1201,$G$2:$G$1201=G40))} -> 832.06806 | U40: =ABS(I40-S40)/T40 -> 0.68094746 | V40: =IF(U40>3,"Yes","No") -> No
A41: ORD201183 | B41: 45021 | C41: =YEAR(B41) -> 2023 | D41: =TEXT(B41,"mmmm") -> April | E41: ="Q"&ROUNDUP(MONTH(B41)/3,0) -> Q2 | F41: C12607 | G41: Desk | H41: 1 | I41: 281.52 | J41: 460 Main St | K41: Gift Card | L41: Shipped | M41: TRK83653396 | N41: 6 | O41: WINTER15 | P41: =IF(ISBLANK(O41),"NO COUPON",O41) -> WINTER15 | Q41: Referral | R41: 281.52 | S41: =AVERAGEIF($G$2:$G$1201,G41,$R$2:$R$1201) -> 985.05841 | T41: {=_xlfn.STDEV.P(_xlfn._xlws.FILTER($R$2:$R$1201,$G$2:$G$1201=G41))} -> 745.08439 | U41: =ABS(I41-S41)/T41 -> 0.9442399 | V41: =IF(U41>3,"Yes","No") -> No
A42: ORD200981 | B42: 45256 | C42: =YEAR(B42) -> 2023 | D42: =TEXT(B42,"mmmm") -> November | E42: ="Q"&ROUNDUP(MONTH(B42)/3,0) -> Q4 | F42: C12609 | G42: Phone | H42: 4 | I42: 136.83 | J42: 490 Main St | K42: Debit Card | L42: Pending | M42: TRK56379337 | N42: 8 | O42: SAVE10 | P42: =IF(ISBLANK(O42),"NO COUPON",O42) -> SAVE10 | Q42: Email | R42: 547.32 | S42: =AVERAGEIF($G$2:$G$1201,G42,$R$2:$R$1201) -> 972.57942 | T42: {=_xlfn.STDEV.P(_xlfn._xlws.FILTER($R$2:$R$1201,$G$2:$G$1201=G42))} -> 756.87137 | U42: =ABS(I42-S42)/T42 -> 1.1042159 | V42: =IF(U42>3,"Yes","No") -> No
A43: ORD200245 | B43: 45767 | C43: =YEAR(B43) -> 2025 | D43: =TEXT(B43,"mmmm") -> April | E43: ="Q"&ROUNDUP(MONTH(B43)/3,0) -> Q2 | F43: C12667 | G43: Laptop | H43: 1 | I43: 223.3 | J43: 306 Main St | K43: Online | L43: Returned | M43: TRK25390491 | N43: 1 | P43: =IF(ISBLANK(O43),"NO COUPON",O43) -> NO COUPON | Q43: Facebook | R43: 223.3 | S43: =AVERAGEIF($G$2:$G$1201,G43,$R$2:$R$1201) -> 1110.5582 | T43: {=_xlfn.STDEV.P(_xlfn._xlws.FILTER($R$2:$R$1201,$G$2:$G$1201=G43))} -> 859.60878 | U43: =ABS(I43-S43)/T43 -> 1.0321651 | V43: =IF(U43>3,"Yes","No") -> No
A44: ORD200720 | B44: 45190 | C44: =YEAR(B44) -> 2023 | D44: =TEXT(B44,"mmmm") -> September | E44: ="Q"&ROUNDUP(MONTH(B44)/3,0) -> Q3 | F44: C12740 | G44: Desk | H44: 5 | I44: 128.95 | J44: 305 Main St | K44: Cash | L44: Pending | M44: TRK98506513 | N44: 10 | O44: FREESHIP | P44: =IF(ISBLANK(O44),"NO COUPON",O44) -> FREESHIP | Q44: Instagram | R44: 644.75 | S44: =AVERAGEIF($G$2:$G$1201,G44,$R$2:$R$1201) -> 985.05841 | T44: {=_xlfn.STDEV.P(_xlfn._xlws.FILTER($R$2:$R$1201,$G$2:$G$1201=G44))} -> 745.08439 | U44: =ABS(I44-S44)/T44 -> 1.1490086 | V44: =IF(U44>3,"Yes","No") -> No
A45: ORD200813 | B45: 45731 | C45: =YEAR(B45) -> 2025 | D45: =TEXT(B45,"mmmm") -> March | E45: ="Q"&ROUNDUP(MONTH(B45)/3,0) -> Q1 | F45: C12813 | G45: Laptop | H45: 5 | I45: 292.54 | J45: 263 Main St | K45: Debit Card | L45: Cancelled | M45: TRK36131660 | N45: 8 | O45: FREESHIP | P45: =IF(ISBLANK(O45),"NO COUPON",O45) -> FREESHIP | Q45: Email | R45: 1462.7 | S45: =AVERAGEIF($G$2:$G$1201,G45,$R$2:$R$1201) -> 1110.5582 | T45: {=_xlfn.STDEV.P(_xlfn._xlws.FILTER($R$2:$R$1201,$G$2:$G$1201=G45))} -> 859.60878 | U45: =ABS(I45-S45)/T45 -> 0.95161679 | V45: =IF(U45>3,"Yes","No") -> No
A46: ORD200635 | B46: 45273 | C46: =YEAR(B46) -> 2023 | D46: =TEXT(B46,"mmmm") -> December | E46: ="Q"&ROUNDUP(MONTH(B46)/3,0) -> Q4 | F46: C12818 | G46: Chair | H46: 3 | I46: 63.68 | J46: 434 Main St | K46: Cash | L46: Returned | M46: TRK40879983 | N46: 6 | P46: =IF(ISBLANK(O46),"NO COUPON",O46) -> NO COUPON | Q46: Facebook | R46: 191.04 | S46: =AVERAGEIF($G$2:$G$1201,G46,$R$2:$R$1201) -> 1098.9894 | T46: {=_xlfn.STDEV.P(_xlfn._xlws.FILTER($R$2:$R$1201,$G$2:$G$1201=G46))} -> 817.71888 | U46: =ABS(I46-S46)/T46 -> 1.2660945 | V46: =IF(U46>3,"Yes","No") -> No
A47: ORD201138 | B47: 45278 | C47: =YEAR(B47) -> 2023 | D47: =TEXT(B47,"mmmm") -> December | E47: ="Q"&ROUNDUP(MONTH(B47)/3,0) -> Q4 | F47: C13100 | G47: Desk | H47: 4 | I47: 294.41 | J47: 188 Main St | K47: Debit Card | L47: Pending | M47: TRK55565668 | N47: 4 | P47: =IF(ISBLANK(O47),"NO COUPON",O47) -> NO COUPON | Q47: Instagram | R47: 1177.64 | S47: =AVERAGEIF($G$2:$G$1201,G47,$R$2:$R$1201) -> 985.05841 | T47: {=_xlfn.STDEV.P(_xlfn._xlws.FILTER($R$2:$R$1201,$G$2:$G$1201=G47))} -> 745.08439 | U47: =ABS(I47-S47)/T47 -> 0.92693984 | V47: =IF(U47>3,"Yes","No") -> No
A48: ORD200367 | B48: 45407 | C48: =YEAR(B48) -> 2024 | D48: =TEXT(B48,"mmmm") -> April | E48: ="Q"&ROUNDUP(MONTH(B48)/3,0) -> Q2 | F48: C13108 | G48: Laptop | H48: 5 | I48: 658.77 | J48: 712 Main St | K48: Gift Card | L48: Pending | M48: TRK82284400 | N48: 10 | O48: FREESHIP | P48: =IF(ISBLANK(O48),"NO COUPON",O48) -> FREESHIP | Q48: Instagram | R48: 3293.85 | S48: =AVERAGEIF($G$2:$G$1201,G48,$R$2:$R$1201) -> 1110.5582 | T48: {=_xlfn.STDEV.P(_xlfn._xlws.FILTER($R$2:$R$1201,$G$2:$G$1201=G48))} -> 859.60878 | U48: =ABS(I48-S48)/T48 -> 0.52557414 | V48: =IF(U48>3,"Yes","No") -> No
A49: ORD201040 | B49: 45245 | C49: =YEAR(B49) -> 2023 | D49: =TEXT(B49,"mmmm") -> November | E49: ="Q"&ROUNDUP(MONTH(B49)/3,0) -> Q4 | F49: C13169 | G49: Tablet | H49: 1 | I49: 536.07 | J49: 932 Main St | K49: Debit Card | L49: Delivered | M49: TRK66288666 | N49: 5 | O49: FREESHIP | P49: =IF(ISBLANK(O49),"NO COUPON",O49) -> FREESHIP | Q49: Google | R49: 536.07 | S49: =AVERAGEIF($G$2:$G$1201,G49,$R$2:$R$1201) -> 1042.2846 | T49: {=_xlfn.STDEV.P(_xlfn._xlws.FILTER($R$2:$R$1201,$G$2:$G$1201=G49))} -> 832.06806 | U49: =ABS(I49-S49)/T49 -> 0.60838129 | V49: =IF(U49>3,"Yes","No") -> No
A50: ORD200689 | B50: 45167 | C50: =YEAR(B50) -> 2023 | D50: =TEXT(B50,"mmmm") -> August | E50: ="Q"&ROUNDUP(MONTH(B50)/3,0) -> Q3 | F50: C13186 | G50: Tablet | H50: 2 | I50: 444.84 | J50: 787 Main St | K50: Online | L50: Shipped | M50: TRK56967415 | N50: 7 | P50: =IF(ISBLANK(O50),"NO COUPON",O50) -> NO COUPON | Q50: Facebook | R50: 889.68 | S50: =AVERAGEIF($G$2:$G$1201,G50,$R$2:$R$1201) -> 1042.2846 | T50: {=_xlfn.STDEV.P(_xlfn._xlws.FILTER($R$2:$R$1201,$G$2:$G$1201=G50))} -> 832.06806 | U50: =ABS(I50-S50)/T50 -> 0.71802376 | V50: =IF(U50>3,"Yes","No") -> No
A51: ORD200573 | B51: 44951 | C51: =YEAR(B51) -> 2023 | D51: =TEXT(B51,"mmmm") -> January | E51: ="Q"&ROUNDUP(MONTH(B51)/3,0) -> Q1 | F51: C13205 | G51: Chair | H51: 5 | I51: 421.42 | J51: 522 Main St | K51: Debit Card | L51: Cancelled | M51: TRK30686578 | N51: 7 | P51: =IF(ISBLANK(O51),"NO COUPON",O51) -> NO COUPON | Q51: Instagram | R51: 2107.1 | S51: =AVERAGEIF($G$2:$G$1201,G51,$R$2:$R$1201) -> 1098.9894 | T51: {=_xlfn.STDEV.P(_xlfn._xlws.FILTER($R$2:$R$1201,$G$2:$G$1201=G51))} -> 817.71888 | U51: =ABS(I51-S51)/T51 -> 0.8286092 | V51: =IF(U51>3,"Yes","No") -> No
A52: ORD200350 | B52: 45080 | C52: =YEAR(B52) -> 2023 | D52: =TEXT(B52,"mmmm") -> June | E52: ="Q"&ROUNDUP(MONTH(B52)/3,0) -> Q2 | F52: C13296 | G52: Chair | H52: 2 | I52: 54.41 | J52: 495 Main St | K52: Online | L52: Shipped | M52: TRK60127216 | N52: 6 | P52: =IF(ISBLANK(O52),"NO COUPON",O52) -> NO COUPON | Q52: Instagram | R52: 108.82 | S52: =AVERAGEIF($G$2:$G$1201,G52,$R$2:$R$1201) -> 1098.9894 | T52: {=_xlfn.STDEV.P(_xlfn._xlws.FILTER($R$2:$R$1201,$G$2:$G$1201=G52))} -> 817.71888 | U52: =ABS(I52-S52)/T52 -> 1.2774309 | V52: =IF(U52>3,"Yes","No") -> No
A53: ORD201089 | B53: 45731 | C53: =YEAR(B53) -> 2025 | D53: =TEXT(B53,"mmmm") -> March | E53: ="Q"&ROUNDUP(MONTH(B53)/3,0) -> Q1 | F53: C13324 | G53: Tablet | H53: 2 | I53: 599.74 | J53: 440 Main St | K53: Gift Card | L53: Shipped | M53: TRK66967997 | N53: 2 | P53: =IF(ISBLANK(O53),"NO COUPON",O53) -> NO COUPON | Q53: Instagram | R53: 1199.48 | S53: =AVERAGEIF($G$2:$G$1201,G53,$R$2:$R$1201) -> 1042.2846 | T53: {=_xlfn.STDEV.P(_xlfn._xlws.FILTER($R$2:$R$1201,$G$2:$G$1201=G53))} -> 832.06806 | U53: =ABS(I53-S53)/T53 -> 0.5318611 | V53: =IF(U53>3,"Yes","No") -> No
A54: ORD200769 | B54: 45113 | C54: =YEAR(B54) -> 2023 | D54: =TEXT(B54,"mmmm") -> July | E54: ="Q"&ROUNDUP(MONTH(B54)/3,0) -> Q3 | F54: C13366 | G54: Printer | H54: 4 | I54: 678.55 | J54: 568 Main St | K54: Cash | L54: Delivered | M54: TRK98691410 | N54: 5 | P54: =IF(ISBLANK(O54),"NO COUPON",O54) -> NO COUPON | Q54: Email | R54: 2714.2 | S54: =AVERAGEIF($G$2:$G$1201,G54,$R$2:$R$1201) -> 1080.7327 | T54: {=_xlfn.STDEV.P(_xlfn._xlws.FILTER($R$2:$R$1201,$G$2:$G$1201=G54))} -> 851.72194 | U54: =ABS(I54-S54)/T54 -> 0.47219947 | V54: =IF(U54>3,"Yes","No") -> No
A55: ORD201062 | B55: 45161 | C55: =YEAR(B55) -> 2023 | D55: =TEXT(B55,"mmmm") -> August | E55: ="Q"&ROUNDUP(MONTH(B55)/3,0) -> Q3 | F55: C13501 | G55: Chair | H55: 5 | I55: 85.52 | J55: 301 Main St | K55: Gift Card | L55: Cancelled | M55: TRK65149372 | N55: 5 | P55: =IF(ISBLANK(O55),"NO COUPON",O55) -> NO COUPON | Q55: Facebook | R55: 427.6 | S55: =AVERAGEIF($G$2:$G$1201,G55,$R$2:$R$1201) -> 1098.9894 | T55: {=_xlfn.STDEV.P(_xlfn._xlws.FILTER($R$2:$R$1201,$G$2:$G$1201=G55))} -> 817.71888 | U55: =ABS(I55-S55)/T55 -> 1.2393861 | V55: =IF(U55>3,"Yes","No") -> No
A56: ORD200324 | B56: 45456 | C56: =YEAR(B56) -> 2024 | D56: =TEXT(B56,"mmmm") -> June | E56: ="Q"&ROUNDUP(MONTH(B56)/3,0) -> Q2 | F56: C13525 | G56: Tablet | H56: 3 | I56: 70.93 | J56: 847 Main St | K56: Debit Card | L56: Returned | M56: TRK70193221 | N56: 5 | P56: =IF(ISBLANK(O56),"NO COUPON",O56) -> NO COUPON | Q56: Referral | R56: 212.79 | S56: =AVERAGEIF($G$2:$G$1201,G56,$R$2:$R$1201) -> 1042.2846 | T56: {=_xlfn.STDEV.P(_xlfn._xlws.FILTER($R$2:$R$1201,$G$2:$G$1201=G56))} -> 832.06806 | U56: =ABS(I56-S56)/T56 -> 1.1673981 | V56: =IF(U56>3,"Yes","No") -> No
A57: ORD200270 | B57: 45081 | C57: =YEAR(B57) -> 2023 | D57: =TEXT(B57,"mmmm") -> June | E57: ="Q"&ROUNDUP(MONTH(B57)/3,0) -> Q2 | F57: C13540 | G57: Printer | H57: 4 | I57: 309.91 | J57: 127 Main St | K57: Debit Card | L57: Shipped | M57: TRK81087373 | N57: 5 | O57: WINTER15 | P57: =IF(ISBLANK(O57),"NO COUPON",O57) -> WINTER15 | Q57: Google | R57: 1239.64 | S57: =AVERAGEIF($G$2:$G$1201,G57,$R$2:$R$1201) -> 1080.7327 | T57: {=_xlfn.STDEV.P(_xlfn._xlws.FILTER($R$2:$R$1201,$G$2:$G$1201=G57))} -> 851.72194 | U57: =ABS(I57-S57)/T57 -> 0.90501679 | V57: =IF(U57>3,"Yes","No") -> No
A58: ORD200469 | B58: 45256 | C58: =YEAR(B58) -> 2023 | D58: =TEXT(B58,"mmmm") -> November | E58: ="Q"&ROUNDUP(MONTH(B58)/3,0) -> Q4 | F58: C13877 | G58: Chair | H58: 5 | I58: 676.98 | J58: 893 Main St | K58: Cash | L58: Cancelled | M58: TRK17254691 | N58: 5 | P58: =IF(ISBLANK(O58),"NO COUPON",O58) -> NO COUPON | Q58: Facebook | R58: 3384.9 | S58: =AVERAGEIF($G$2:$G$1201,G58,$R$2:$R$1201) -> 1098.9894 | T58: {=_xlfn.STDEV.P(_xlfn._xlws.FILTER($R$2:$R$1201,$G$2:$G$1201=G58))} -> 817.71888 | U58: =ABS(I58-S58)/T58 -> 0.51608125 | V58: =IF(U58>3,"Yes","No") -> No
A59: ORD200413 | B59: 45207 | C59: =YEAR(B59) -> 2023 | D59: =TEXT(B59,"mmmm") -> October | E59: ="Q"&ROUNDUP(MONTH(B59)/3,0) -> Q4 | F59: C13923 | G59: Tablet | H59: 1 | I59: 118.8 | J59: 123 Main St | K59: Online | L59: Delivered | M59: TRK87598790 | N59: 6 | O59: SAVE10 | P59: =IF(ISBLANK(O59),"NO COUPON",O59) -> SAVE10 | Q59: Email | R59: 118.8 | S59: =AVERAGEIF($G$2:$G$1201,G59,$R$2:$R$1201) -> 1042.2846 | T59: {=_xlfn.STDEV.P(_xlfn._xlws.FILTER($R$2:$R$1201,$G$2:$G$1201=G59))} -> 832.06806 | U59: =ABS(I59-S59)/T59 -> 1.1098667 | V59: =IF(U59>3,"Yes","No") -> No
A60: ORD200931 | B60: 45292 | C60: =YEAR(B60) -> 2024 | D60: =TEXT(B60,"mmmm") -> January | E60: ="Q"&ROUNDUP(MONTH(B60)/3,0) -> Q1 | F60: C14005 | G60: Printer | H60: 2 | I60: 40.23 | J60: 623 Main St | K60: Credit Card | L60: Cancelled | M60: TRK87567926 | N60: 4 | O60: SAVE10 | P60: =IF(ISBLANK(O60),"NO COUPON",O60) -> SAVE10 | Q60: Google | R60: 80.46 | S60: =AVERAGEIF($G$2:$G$1201,G60,$R$2:$R$1201) -> 1080.7327 | T60: {=_xlfn.STDEV.P(_xlfn._xlws.FILTER($R$2:$R$1201,$G$2:$G$1201=G60))} -> 851.72194 | U60: =ABS(I60-S60)/T60 -> 1.2216459 | V60: =IF(U60>3,"Yes","No") -> No
A61: ORD200672 | B61: 45055 | C61: =YEAR(B61) -> 2023 | D61: =TEXT(B61,"mmmm") -> May | E61: ="Q"&ROUNDUP(MONTH(B61)/3,0) -> Q2 | F61: C14017 | G61: Phone | H61: 2 | I61: 624.16 | J61: 984 Main St | K61: Debit Card | L61: Shipped | M61: TRK71009446 | N61: 2 | O61: SAVE10 | P61: =IF(ISBLANK(O61),"NO COUPON",O61) -> SAVE10 | Q61: Instagram | R61: 1248.32 | S61: =AVERAGEIF($G$2:$G$1201,G61,$R$2:$R$1201) -> 972.57942 | T61: {=_xlfn.STDEV.P(_xlfn._xlws.FILTER($R$2:$R$1201,$G$2:$G$1201=G61))} -> 756.87137 | U61: =ABS(I61-S61)/T61 -> 0.46034166 | V61: =IF(U61>3,"Yes","No") -> No
A62: ORD200756 | B62: 45470 | C62: =YEAR(B62) -> 2024 | D62: =TEXT(B62,"mmmm") -> June | E62: ="Q"&ROUNDUP(MONTH(B62)/3,0) -> Q2 | F62: C14080 | G62: Phone | H62: 1 | I62: 283.69 | J62: 202 Main St | K62: Gift Card | L62: Shipped | M62: TRK93163682 | N62: 6 | P62: =IF(ISBLANK(O62),"NO COUPON",O62) -> NO COUPON | Q62: Google | R62: 283.69 | S62: =AVERAGEIF($G$2:$G$1201,G62,$R$2:$R$1201) -> 972.57942 | T62: {=_xlfn.STDEV.P(_xlfn._xlws.FILTER($R$2:$R$1201,$G$2:$G$1201=G62))} -> 756.87137 | U62: =ABS(I62-S62)/T62 -> 0.91018032 | V62: =IF(U62>3,"Yes","No") -> No
A63: ORD200512 | B63: 45562 | C63: =YEAR(B63) -> 2024 | D63: =TEXT(B63,"mmmm") -> September | E63: ="Q"&ROUNDUP(MONTH(B63)/3,0) -> Q3 | F63: C14114 | G63: Desk | H63: 3 | I63: 568.02 | J63: 856 Main St | K63: Online | L63: Pending | M63: TRK63290700 | N63: 3 | O63: FREESHIP | P63: =IF(ISBLANK(O63),"NO COUPON",O63) -> FREESHIP | Q63: Instagram | R63: 1704.06 | S63: =AVERAGEIF($G$2:$G$1201,G63,$R$2:$R$1201) -> 985.05841 | T63: {=_xlfn.STDEV.P(_xlfn._xlws.FILTER($R$2:$R$1201,$G$2:$G$1201=G63))} -> 745.08439 | U63: =ABS(I63-S63)/T63 -> 0.5597197 | V63: =IF(U63>3,"Yes","No") -> No
A64: ORD200864 | B64: 45049 | C64: =YEAR(B64) -> 2023 | D64: =TEXT(B64,"mmmm") -> May | E64: ="Q"&ROUNDUP(MONTH(B64)/3,0) -> Q2 | F64: C14240 | G64: Desk | H64: 1 | I64: 491.11 | J64: 592 Main St | K64: Credit Card | L64: Delivered | M64: TRK58095246 | N64: 4 | O64: SAVE10 | P64: =IF(ISBLANK(O64),"NO COUPON",O64) -> SAVE10 | Q64: Facebook | R64: 491.11 | S64: =AVERAGEIF($G$2:$G$1201,G64,$R$2:$R$1201) -> 985.05841 | T64: {=_xlfn.STDEV.P(_xlfn._xlws.FILTER($R$2:$R$1201,$G$2:$G$1201=G64))} -> 745.08439 | U64: =ABS(I64-S64)/T64 -> 0.6629429 | V64: =IF(U64>3,"Yes","No") -> No
A65: ORD200888 | B65: 45496 | C65: =YEAR(B65) -> 2024 | D65: =TEXT(B65,"mmmm") -> July | E65: ="Q"&ROUNDUP(MONTH(B65)/3,0) -> Q3 | F65: C14427 | G65: Laptop | H65: 2 | I65: 266.95 | J65: 833 Main St | K65: Credit Card | L65: Pending | M65: TRK58024529 | N65: 3 | P65: =IF(ISBLANK(O65),"NO COUPON",O65) -> NO COUPON | Q65: Instagram | R65: 533.9 | S65: =AVERAGEIF($G$2:$G$1201,G65,$R$2:$R$1201) -> 1110.5582 | T65: {=_xlfn.STDEV.P(_xlfn._xlws.FILTER($R$2:$R$1201,$G$2:$G$1201=G65))} -> 859.60878 | U65: =ABS(I65-S65)/T65 -> 0.98138614 | V65: =IF(U65>3,"Yes","No") -> No
A66: ORD200723 | B66: 45269 | C66: =YEAR(B66) -> 2023 | D66: =TEXT(B66,"mmmm") -> December | E66: ="Q"&ROUNDUP(MONTH(B66)/3,0) -> Q4 | F66: C14455 | G66: Desk | H66: 3 | I66: 54.95 | J66: 385 Main St | K66: Cash | L66: Returned | M66: TRK50933724 | N66: 8 | O66: SAVE10 | P66: =IF(ISBLANK(O66),"NO COUPON",O66) -> SAVE10 | Q66: Referral | R66: 164.85 | S66: =AVERAGEIF($G$2:$G$1201,G66,$R$2:$R$1201) -> 985.05841 | T66: {=_xlfn.STDEV.P(_xlfn._xlws.FILTER($R$2:$R$1201,$G$2:$G$1201=G66))} -> 745.08439 | U66: =ABS(I66-S66)/T66 -> 1.2483263 | V66: =IF(U66>3,"Yes","No") -> No
A67: ORD200576 | B67: 45441 | C67: =YEAR(B67) -> 2024 | D67: =TEXT(B67,"mmmm") -> May | E67: ="Q"&ROUNDUP(MONTH(B67)/3,0) -> Q2 | F67: C14457 | G67: Laptop | H67: 5 | I67: 79.08 | J67: 747 Main St | K67: Cash | L67: Pending | M67: TRK42517811 | N67: 8 | P67: =IF(ISBLANK(O67),"NO COUPON",O67) -> NO COUPON | Q67: Facebook | R67: 395.4 | S67: =AVERAGEIF($G$2:$G$1201,G67,$R$2:$R$1201) -> 1110.5582 | T67: {=_xlfn.STDEV.P(_xlfn._xlws.FILTER($R$2:$R$1201,$G$2:$G$1201=G67))} -> 859.60878 | U67: =ABS(I67-S67)/T67 -> 1.1999391 | V67: =IF(U67>3,"Yes","No") -> No
A68: ORD200019 | B68: 44949 | C68: =YEAR(B68) -> 2023 | D68: =TEXT(B68,"mmmm") -> January | E68: ="Q"&ROUNDUP(MONTH(B68)/3,0) -> Q1 | F68: C14552 | G68: Monitor | H68: 5 | I68: 224 | J68: 273 Main St | K68: Cash | L68: Returned | M68: TRK59101365 | N68: 9 | O68: SAVE10 | P68: =IF(ISBLANK(O68),"NO COUPON",O68) -> SAVE10 | Q68: Google | R68: 1120 | S68: =AVERAGEIF($G$2:$G$1201,G68,$R$2:$R$1201) -> 1077.616 | T68: {=_xlfn.STDEV.P(_xlfn._xlws.FILTER($R$2:$R$1201,$G$2:$G$1201=G68))} -> 847.57365 | U68: =ABS(I68-S68)/T68 -> 1.007129 | V68: =IF(U68>3,"Yes","No") -> No
A69: ORD200085 | B69: 45544 | C69: =YEAR(B69) -> 2024 | D69: =TEXT(B69,"mmmm") -> September | E69: ="Q"&ROUNDUP(MONTH(B69)/3,0) -> Q3 | F69: C14553 | G69: Tablet | H69: 3 | I69: 146.73 | J69: 768 Main St | K69: Cash | L69: Delivered | M69: TRK93538334 | N69: 8 | O69: FREESHIP | P69: =IF(ISBLANK(O69),"NO COUPON",O69) -> FREESHIP | Q69: Email | R69: 440.19 | S69: =AVERAGEIF($G$2:$G$1201,G69,$R$2:$R$1201) -> 1042.2846 | T69: {=_xlfn.STDEV.P(_xlfn._xlws.FILTER($R$2:$R$1201,$G$2:$G$1201=G69))} -> 832.06806 | U69: =ABS(I69-S69)/T69 -> 1.0762997 | V69: =IF(U69>3,"Yes","No") -> No
A70: ORD200436 | B70: 44968 | C70: =YEAR(B70) -> 2023 | D70: =TEXT(B70,"mmmm") -> February | E70: ="Q"&ROUNDUP(MONTH(B70)/3,0) -> Q1 | F70: C14568 | G70: Laptop | H70: 4 | I70: 221.33 | J70: 651 Main St | K70: Online | L70: Pending | M70: TRK73545796 | N70: 5 | P70: =IF(ISBLANK(O70),"NO COUPON",O70) -> NO COUPON | Q70: Google | R70: 885.32 | S70: =AVERAGEIF($G$2:$G$1201,G70,$R$2:$R$1201) -> 1110.5582 | T70: {=_xlfn.STDEV.P(_xlfn._xlws.FILTER($R$2:$R$1201,$G$2:$G$1201=G70))} -> 859.60878 | U70: =ABS(I70-S70)/T70 -> 1.0344568 | V70: =IF(U70>3,"Yes","No") -> No
A71: ORD200670 | B71: 45400 | C71: =YEAR(B71) -> 2024 | D71: =TEXT(B71,"mmmm") -> April | E71: ="Q"&ROUNDUP(MONTH(B71)/3,0) -> Q2 | F71: C14576 | G71: Desk | H71: 4 | I71: 539.2 | J71: 747 Main St | K71: Credit Card | L71: Pending | M71: TRK21637540 | N71: 8 | O71: FREESHIP | P71: =IF(ISBLANK(O71),"NO COUPON",O71) -> FREESHIP | Q71: Google | R71: 2156.8 | S71: =AVERAGEIF($G$2:$G$1201,G71,$R$2:$R$1201) -> 985.05841 | T71: {=_xlfn.STDEV.P(_xlfn._xlws.FILTER($R$2:$R$1201,$G$2:$G$1201=G71))} -> 745.08439 | U71: =ABS(I71-S71)/T71 -> 0.59839988 | V71: =IF(U71>3,"Yes","No") -> No
A72: ORD200247 | B72: 45127 | C72: =YEAR(B72) -> 2023 | D72: =TEXT(B72,"mmmm") -> July | E72: ="Q"&ROUNDUP(MONTH(B72)/3,0) -> Q3 | F72: C14600 | G72: Printer | H72: 2 | I72: 220.9 | J72: 785 Main St | K72: Gift Card | L72: Shipped | M72: TRK84984764 | N72: 4 | P72: =IF(ISBLANK(O72),"NO COUPON",O72) -> NO COUPON | Q72: Email | R72: 441.8 | S72: =AVERAGEIF($G$2:$G$1201,G72,$R$2:$R$1201) -> 1080.7327 | T72: {=_xlfn.STDEV.P(_xlfn._xlws.FILTER($R$2:$R$1201,$G$2:$G$1201=G72))} -> 851.72194 | U72: =ABS(I72-S72)/T72 -> 1.0095227 | V72: =IF(U72>3,"Yes","No") -> No
A73: ORD200119 | B73: 45819 | C73: =YEAR(B73) -> 2025 | D73: =TEXT(B73,"mmmm") -> June | E73: ="Q"&ROUNDUP(MONTH(B73)/3,0) -> Q2 | F73: C14683 | G73: Desk | H73: 2 | I73: 534.67 | J73: 187 Main St | K73: Debit Card | L73: Shipped | M73: TRK47373682 | N73: 7 | O73: FREESHIP | P73: =IF(ISBLANK(O73),"NO COUPON",O73) -> FREESHIP | Q73: Referral | R73: 1069.34 | S73: =AVERAGEIF($G$2:$G$1201,G73,$R$2:$R$1201) -> 985.05841 | T73: {=_xlfn.STDEV.P(_xlfn._xlws.FILTER($R$2:$R$1201,$G$2:$G$1201=G73))} -> 745.08439 | U73: =ABS(I73-S73)/T73 -> 0.60447973 | V73: =IF(U73>3,"Yes","No") -> No
A74: ORD200750 | B74: 44940 | C74: =YEAR(B74) -> 2023 | D74: =TEXT(B74,"mmmm") -> January | E74: ="Q"&ROUNDUP(MONTH(B74)/3,0) -> Q1 | F74: C14737 | G74: Tablet | H74: 4 | I74: 145.41 | J74: 637 Main St | K74: Credit Card | L74: Returned | M74: TRK10295115 | N74: 7 | O74: FREESHIP | P74: =IF(ISBLANK(O74),"NO COUPON",O74) -> FREESHIP | Q74: Email | R74: 581.64 | S74: =AVERAGEIF($G$2:$G$1201,G74,$R$2:$R$1201) -> 1042.2846 | T74: {=_xlfn.STDEV.P(_xlfn._xlws.FILTER($R$2:$R$1201,$G$2:$G$1201=G74))} -> 832.06806 | U74: =ABS(I74-S74)/T74 -> 1.0778861 | V74: =IF(U74>3,"Yes","No") -> No
A75: ORD200451 | B75: 45017 | C75: =YEAR(B75) -> 2023 | D75: =TEXT(B75,"mmmm") -> April | E75: ="Q"&ROUNDUP(MONTH(B75)/3,0) -> Q2 | F75: C14837 | G75: Monitor | H75: 1 | I75: 183.18 | J75: 647 Main St | K75: Debit Card | L75: Cancelled | M75: TRK17501136 | N75: 6 | O75: SAVE10 | P75: =IF(ISBLANK(O75),"NO COUPON",O75) -> SAVE10 | Q75: Email | R75: 183.18 | S75: =AVERAGEIF($G$2:$G$1201,G75,$R$2:$R$1201) -> 1077.616 | T75: {=_xlfn.STDEV.P(_xlfn._xlws.FILTER($R$2:$R$1201,$G$2:$G$1201=G75))} -> 847.57365 | U75: =ABS(I75-S75)/T75 -> 1.05529 | V75: =IF(U75>3,"Yes","No") -> No
A76: ORD200236 | B76: 44927 | C76: =YEAR(B76) -> 2023 | D76: =TEXT(B76,"mmmm") -> January | E76: ="Q"&ROUNDUP(MONTH(B76)/3,0) -> Q1 | F76: C14847 | G76: Monitor | H76: 1 | I76: 318.81 | J76: 562 Main St | K76: Debit Card | L76: Pending | M76: TRK39663243 | N76: 3 | O76: WINTER15 | P76: =IF(ISBLANK(O76),"NO COUPON",O76) -> WINTER15 | Q76: Email | R76: 318.81 | S76: =AVERAGEIF($G$2:$G$1201,G76,$R$2:$R$1201) -> 1077.616 | T76: {=_xlfn.STDEV.P(_xlfn._xlws.FILTER($R$2:$R$1201,$G$2:$G$1201=G76))} -> 847.57365 | U76: =ABS(I76-S76)/T76 -> 0.89526853 | V76: =IF(U76>3,"Yes","No") -> No
A77: ORD200664 | B77: 45645 | C77: =YEAR(B77) -> 2024 | D77: =TEXT(B77,"mmmm") -> December | E77: ="Q"&ROUNDUP(MONTH(B77)/3,0) -> Q4 | F77: C14847 | G77: Laptop | H77: 4 | I77: 194.75 | J77: 188 Main St | K77: Cash | L77: Shipped | M77: TRK46492755 | N77: 5 | P77: =IF(ISBLANK(O77),"NO COUPON",O77) -> NO COUPON | Q77: Facebook | R77: 779 | S77: =AVERAGEIF($G$2:$G$1201,G77,$R$2:$R$1201) -> 1110.5582 | T77: {=_xlfn.STDEV.P(_xlfn._xlws.FILTER($R$2:$R$1201,$G$2:$G$1201=G77))} -> 859.60878 | U77: =ABS(I77-S77)/T77 -> 1.0653778 | V77: =IF(U77>3,"Yes","No") -> No
A78: ORD200253 | B78: 45374 | C78: =YEAR(B78) -> 2024 | D78: =TEXT(B78,"mmmm") -> March | E78: ="Q"&ROUNDUP(MONTH(B78)/3,0) -> Q1 | F78: C14891 | G78: Chair | H78: 4 | I78: 413.74 | J78: 743 Main St | K78: Gift Card | L78: Returned | M78: TRK79471534 | N78: 7 | O78: FREESHIP | P78: =IF(ISBLANK(O78),"NO COUPON",O78) -> FREESHIP | Q78: Instagram | R78: 1654.96 | S78: =AVERAGEIF($G$2:$G$1201,G78,$R$2:$R$1201) -> 1098.9894 | T78: {=_xlfn.STDEV.P(_xlfn._xlws.FILTER($R$2:$R$1201,$G$2:$G$1201=G78))} -> 817.71888 | U78: =ABS(I78-S78)/T78 -> 0.83800118 | V78: =IF(U78>3,"Yes","No") -> No
A79: ORD200240 | B79: 45119 | C79: =YEAR(B79) -> 2023 | D79: =TEXT(B79,"mmmm") -> July | E79: ="Q"&ROUNDUP(MONTH(B79)/3,0) -> Q3 | F79: C14983 | G79: Tablet | H79: 1 | I79: 17.24 | J79: 255 Main St | K79: Online | L79: Pending | M79: TRK93444157 | N79: 2 | O79: FREESHIP | P79: =IF(ISBLANK(O79),"NO COUPON",O79) -> FREESHIP | Q79: Instagram | R79: 17.24 | S79: =AVERAGEIF($G$2:$G$1201,G79,$R$2:$R$1201) -> 1042.2846 | T79: {=_xlfn.STDEV.P(_xlfn._xlws.FILTER($R$2:$R$1201,$G$2:$G$1201=G79))} -> 832.06806 | U79: =ABS(I79-S79)/T79 -> 1.231924 | V79: =IF(U79>3,"Yes","No") -> No
A80: ORD200453 | B80: 45779 | C80: =YEAR(B80) -> 2025 | D80: =TEXT(B80,"mmmm") -> May | E80: ="Q"&ROUNDUP(MONTH(B80)/3,0) -> Q2 | F80: C15017 | G80: Tablet | H80: 1 | I80: 675.57 | J80: 492 Main St | K80: Cash | L80: Shipped | M80: TRK51241924 | N80: 1 | O80: WINTER15 | P80: =IF(ISBLANK(O80),"NO COUPON",O80) -> WINTER15 | Q80: Facebook | R80: 675.57 | S80: =AVERAGEIF($G$2:$G$1201,G80,$R$2:$R$1201) -> 1042.2846 | T80: {=_xlfn.STDEV.P(_xlfn._xlws.FILTER($R$2:$R$1201,$G$2:$G$1201=G80))} -> 832.06806 | U80: =ABS(I80-S80)/T80 -> 0.44072673 | V80: =IF(U80>3,"Yes","No") -> No
A81: ORD200642 | B81: 45411 | C81: =YEAR(B81) -> 2024 | D81: =TEXT(B81,"mmmm") -> April | E81: ="Q"&ROUNDUP(MONTH(B81)/3,0) -> Q2 | F81: C15063 | G81: Chair | H81: 5 | I81: 85.22 | J81: 527 Main St | K81: Credit Card | L81: Cancelled | M81: TRK10329390 | N81: 7 | O81: FREESHIP | P81: =IF(ISBLANK(O81),"NO COUPON",O81) -> FREESHIP | Q81: Email | R81: 426.1 | S81: =AVERAGEIF($G$2:$G$1201,G81,$R$2:$R$1201) -> 1098.9894 | T81: {=_xlfn.STDEV.P(_xlfn._xlws.FILTER($R$2:$R$1201,$G$2:$G$1201=G81))} -> 817.71888 | U81: =ABS(I81-S81)/T81 -> 1.2397529 | V81: =IF(U81>3,"Yes","No") -> No
A82: ORD201100 | B82: 45155 | C82: =YEAR(B82) -> 2023 | D82: =TEXT(B82,"mmmm") -> August | E82: ="Q"&ROUNDUP(MONTH(B82)/3,0) -> Q3 | F82: C15146 | G82: Laptop | H82: 5 | I82: 38.11 | J82: 428 Main St | K82: Debit Card | L82: Cancelled | M82: TRK79790530 | N82: 6 | O82: WINTER15 | P82: =IF(ISBLANK(O82),"NO COUPON",O82) -> WINTER15 | Q82: Instagram | R82: 190.55 | S82: =AVERAGEIF($G$2:$G$1201,G82,$R$2:$R$1201) -> 1110.5582 | T82: {=_xlfn.STDEV.P(_xlfn._xlws.FILTER($R$2:$R$1201,$G$2:$G$1201=G82))} -> 859.60878 | U82: =ABS(I82-S82)/T82 -> 1.2476003 | V82: =IF(U82>3,"Yes","No") -> No
A83: ORD200582 | B83: 45341 | C83: =YEAR(B83) -> 2024 | D83: =TEXT(B83,"mmmm") -> February | E83: ="Q"&ROUNDUP(MONTH(B83)/3,0) -> Q1 | F83: C15228 | G83: Tablet | H83: 3 | I83: 474.14 | J83: 558 Main St | K83: Gift Card | L83: Shipped | M83: TRK33860620 | N83: 8 | O83: WINTER15 | P83: =IF(ISBLANK(O83),"NO COUPON",O83) -> WINTER15 | Q83: Google | R83: 1422.42 | S83: =AVERAGEIF($G$2:$G$1201,G83,$R$2:$R$1201) -> 1042.2846 | T83: {=_xlfn.STDEV.P(_xlfn._xlws.FILTER($R$2:$R$1201,$G$2:$G$1201=G83))} -> 832.06806 | U83: =ABS(I83-S83)/T83 -> 0.68281029 | V83: =IF(U83>3,"Yes","No") -> No
A84: ORD200584 | B84: 45737 | C84: =YEAR(B84) -> 2025 | D84: =TEXT(B84,"mmmm") -> March | E84: ="Q"&ROUNDUP(MONTH(B84)/3,0) -> Q1 | F84: C15257 | G84: Chair | H84: 4 | I84: 145.05 | J84: 626 Main St | K84: Online | L84: Delivered | M84: TRK28779938 | N84: 6 | O84: SAVE10 | P84: =IF(ISBLANK(O84),"NO COUPON",O84) -> SAVE10 | Q84: Google | R84: 580.2 | S84: =AVERAGEIF($G$2:$G$1201,G84,$R$2:$R$1201) -> 1098.9894 | T84: {=_xlfn.STDEV.P(_xlfn._xlws.FILTER($R$2:$R$1201,$G$2:$G$1201=G84))} -> 817.71888 | U84: =ABS(I84-S84)/T84 -> 1.166586 | V84: =IF(U84>3,"Yes","No") -> No
A85: ORD200101 | B85: 45255 | C85: =YEAR(B85) -> 2023 | D85: =TEXT(B85,"mmmm") -> November | E85: ="Q"&ROUNDUP(MONTH(B85)/3,0) -> Q4 | F85: C15283 | G85: Printer | H85: 1 | I85: 381.02 | J85: 152 Main St | K85: Cash | L85: Shipped | M85: TRK19286291 | N85: 6 | P85: =IF(ISBLANK(O85),"NO COUPON",O85) -> NO COUPON | Q85: Google | R85: 381.02 | S85: =AVERAGEIF($G$2:$G$1201,G85,$R$2:$R$1201) -> 1080.7327 | T85: {=_xlfn.STDEV.P(_xlfn._xlws.FILTER($R$2:$R$1201,$G$2:$G$1201=G85))} -> 851.72194 | U85: =ABS(I85-S85)/T85 -> 0.8215271 | V85: =IF(U85>3,"Yes","No") -> No
A86: ORD200097 | B86: 45678 | C86: =YEAR(B86) -> 2025 | D86: =TEXT(B86,"mmmm") -> January | E86: ="Q"&ROUNDUP(MONTH(B86)/3,0) -> Q1 | F86: C15624 | G86: Tablet | H86: 5 | I86: 619.52 | J86: 922 Main St | K86: Debit Card | L86: Pending | M86: TRK40621141 | N86: 9 | P86: =IF(ISBLANK(O86),"NO COUPON",O86) -> NO COUPON | Q86: Email | R86: 3097.6 | S86: =AVERAGEIF($G$2:$G$1201,G86,$R$2:$R$1201) -> 1042.2846 | T86: {=_xlfn.STDEV.P(_xlfn._xlws.FILTER($R$2:$R$1201,$G$2:$G$1201=G86))} -> 832.06806 | U86: =ABS(I86-S86)/T86 -> 0.50808901 | V86: =IF(U86>3,"Yes","No") -> No
A87: ORD200514 | B87: 45032 | C87: =YEAR(B87) -> 2023 | D87: =TEXT(B87,"mmmm") -> April | E87: ="Q"&ROUNDUP(MONTH(B87)/3,0) -> Q2 | F87: C15629 | G87: Printer | H87: 3 | I87: 304.15 | J87: 492 Main St | K87: Gift Card | L87: Shipped | M87: TRK64926044 | N87: 3 | O87: WINTER15 | P87: =IF(ISBLANK(O87),"NO COUPON",O87) -> WINTER15 | Q87: Instagram | R87: 912.45 | S87: =AVERAGEIF($G$2:$G$1201,G87,$R$2:$R$1201) -> 1080.7327 | T87: {=_xlfn.STDEV.P(_xlfn._xlws.FILTER($R$2:$R$1201,$G$2:$G$1201=G87))} -> 851.72194 | U87: =ABS(I87-S87)/T87 -> 0.91177956 | V87: =IF(U87>3,"Yes","No") -> No
A88: ORD200083 | B88: 45160 | C88: =YEAR(B88) -> 2023 | D88: =TEXT(B88,"mmmm") -> August | E88: ="Q"&ROUNDUP(MONTH(B88)/3,0) -> Q3 | F88: C15681 | G88: Laptop | H88: 4 | I88: 540.41 | J88: 989 Main St | K88: Credit Card | L88: Cancelled | M88: TRK75112172 | N88: 6 | P88: =IF(ISBLANK(O88),"NO COUPON",O88) -> NO COUPON | Q88: Referral | R88: 2161.64 | S88: =AVERAGEIF($G$2:$G$1201,G88,$R$2:$R$1201) -> 1110.5582 | T88: {=_xlfn.STDEV.P(_xlfn._xlws.FILTER($R$2:$R$1201,$G$2:$G$1201=G88))} -> 859.60878 | U88: =ABS(I88-S88)/T88 -> 0.66326469 | V88: =IF(U88>3,"Yes","No") -> No
A89: ORD201169 | B89: 45649 | C89: =YEAR(B89) -> 2024 | D89: =TEXT(B89,"mmmm") -> December | E89: ="Q"&ROUNDUP(MONTH(B89)/3,0) -> Q4 | F89: C15849 | G89: Chair | H89: 1 | I89: 525.43 | J89: 643 Main St | K89: Cash | L89: Cancelled | M89: TRK26794546 | N89: 2 | O89: SAVE10 | P89: =IF(ISBLANK(O89),"NO COUPON",O89) -> SAVE10 | Q89: Instagram | R89: 525.43 | S89: =AVERAGEIF($G$2:$G$1201,G89,$R$2:$R$1201) -> 1098.9894 | T89: {=_xlfn.STDEV.P(_xlfn._xlws.FILTER($R$2:$R$1201,$G$2:$G$1201=G89))} -> 817.71888 | U89: =ABS(I89-S89)/T89 -> 0.7014139 | V89: =IF(U89>3,"Yes","No") -> No
A90: ORD200038 | B90: 45645 | C90: =YEAR(B90) -> 2024 | D90: =TEXT(B90,"mmmm") -> December | E90: ="Q"&ROUNDUP(MONTH(B90)/3,0) -> Q4 | F90: C15924 | G90: Laptop | H90: 1 | I90: 245.89 | J90: 549 Main St | K90: Debit Card | L90: Delivered | M90: TRK14835975 | N90: 3 | O90: SAVE10 | P90: =IF(ISBLANK(O90),"NO COUPON",O90) -> SAVE10 | Q90: Google | R90: 245.89 | S90: =AVERAGEIF($G$2:$G$1201,G90,$R$2:$R$1201) -> 1110.5582 | T90: {=_xlfn.STDEV.P(_xlfn._xlws.FILTER($R$2:$R$1201,$G$2:$G$1201=G90))} -> 859.60878 | U90: =ABS(I90-S90)/T90 -> 1.0058857 | V90: =IF(U90>3,"Yes","No") -> No
A91: ORD200353 | B91: 45744 | C91: =YEAR(B91) -> 2025 | D91: =TEXT(B91,"mmmm") -> March | E91: ="Q"&ROUNDUP(MONTH(B91)/3,0) -> Q1 | F91: C16012 | G91: Tablet | H91: 1 | I91: 630.82 | J91: 171 Main St | K91: Online | L91: Delivered | M91: TRK15195225 | N91: 5 | O91: FREESHIP | P91: =IF(ISBLANK(O91),"NO COUPON",O91) -> FREESHIP | Q91: Google | R91: 630.82 | S91: =AVERAGEIF($G$2:$G$1201,G91,$R$2:$R$1201) -> 1042.2846 | T91: {=_xlfn.STDEV.P(_xlfn._xlws.FILTER($R$2:$R$1201,$G$2:$G$1201=G91))} -> 832.06806 | U91: =ABS(I91-S91)/T91 -> 0.49450839 | V91: =IF(U91>3,"Yes","No") -> No
A92: ORD200134 | B92: 45831 | C92: =YEAR(B92) -> 2025 | D92: =TEXT(B92,"mmmm") -> June | E92: ="Q"&ROUNDUP(MONTH(B92)/3,0) -> Q2 | F92: C16253 | G92: Laptop | H92: 2 | I92: 199.7 | J92: 583 Main St | K92: Cash | L92: Pending | M92: TRK17354894 | N92: 4 | P92: =IF(ISBLANK(O92),"NO COUPON",O92) -> NO COUPON | Q92: Email | R92: 399.4 | S92: =AVERAGEIF($G$2:$G$1201,G92,$R$2:$R$1201) -> 1110.5582 | T92: {=_xlfn.STDEV.P(_xlfn._xlws.FILTER($R$2:$R$1201,$G$2:$G$1201=G92))} -> 859.60878 | U92: =ABS(I92-S92)/T92 -> 1.0596194 | V92: =IF(U92>3,"Yes","No") -> No
A93: ORD201091 | B93: 45573 | C93: =YEAR(B93) -> 2024 | D93: =TEXT(B93,"mmmm") -> October | E93: ="Q"&ROUNDUP(MONTH(B93)/3,0) -> Q4 | F93: C16400 | G93: Laptop | H93: 3 | I93: 209.48 | J93: 123 Main St | K93: Debit Card | L93: Pending | M93: TRK57771859 | N93: 4 | P93: =IF(ISBLANK(O93),"NO COUPON",O93) -> NO COUPON | Q93: Email | R93: 628.44 | S93: =AVERAGEIF($G$2:$G$1201,G93,$R$2:$R$1201) -> 1110.5582 | T93: {=_xlfn.STDEV.P(_xlfn._xlws.FILTER($R$2:$R$1201,$G$2:$G$1201=G93))} -> 859.60878 | U93: =ABS(I93-S93)/T93 -> 1.0482421 | V93: =IF(U93>3,"Yes","No") -> No
A94: ORD200835 | B94: 45377 | C94: =YEAR(B94) -> 2024 | D94: =TEXT(B94,"mmmm") -> March | E94: ="Q"&ROUNDUP(MONTH(B94)/3,0) -> Q1 | F94: C16429 | G94: Desk | H94: 1 | I94: 679.65 | J94: 390 Main St | K94: Debit Card | L94: Shipped | M94: TRK73888013 | N94: 6 | O94: FREESHIP | P94: =IF(ISBLANK(O94),"NO COUPON",O94) -> FREESHIP | Q94: Google | R94: 679.65 | S94: =AVERAGEIF($G$2:$G$1201,G94,$R$2:$R$1201) -> 985.05841 | T94: {=_xlfn.STDEV.P(_xlfn._xlws.FILTER($R$2:$R$1201,$G$2:$G$1201=G94))} -> 745.08439 | U94: =ABS(I94-S94)/T94 -> 0.40989774 | V94: =IF(U94>3,"Yes","No") -> No
A95: ORD200182 | B95: 45735 | C95: =YEAR(B95) -> 2025 | D95: =TEXT(B95,"mmmm") -> March | E95: ="Q"&ROUNDUP(MONTH(B95)/3,0) -> Q1 | F95: C16612 | G95: Desk | H95: 1 | I95: 600.54 | J95: 596 Main St | K95: Debit Card | L95: Pending | M95: TRK96188223 | N95: 4 | O95: WINTER15 | P95: =IF(ISBLANK(O95),"NO COUPON",O95) -> WINTER15 | Q95: Google | R95: 600.54 | S95: =AVERAGEIF($G$2:$G$1201,G95,$R$2:$R$1201) -> 985.05841 | T95: {=_xlfn.STDEV.P(_xlfn._xlws.FILTER($R$2:$R$1201,$G$2:$G$1201=G95))} -> 745.08439 | U95: =ABS(I95-S95)/T95 -> 0.51607364 | V95: =IF(U95>3,"Yes","No") -> No
A96: ORD200849 | B96: 45817 | C96: =YEAR(B96) -> 2025 | D96: =TEXT(B96,"mmmm") -> June | E96: ="Q"&ROUNDUP(MONTH(B96)/3,0) -> Q2 | F96: C16675 | G96: Printer | H96: 4 | I96: 214.35 | J96: 664 Main St | K96: Debit Card | L96: Cancelled | M96: TRK12756945 | N96: 7 | O96: WINTER15 | P96: =IF(ISBLANK(O96),"NO COUPON",O96) -> WINTER15 | Q96: Referral | R96: 857.4 | S96: =AVERAGEIF($G$2:$G$1201,G96,$R$2:$R$1201) -> 1080.7327 | T96: {=_xlfn.STDEV.P(_xlfn._xlws.FILTER($R$2:$R$1201,$G$2:$G$1201=G96))} -> 851.72194 | U96: =ABS(I96-S96)/T96 -> 1.017213 | V96: =IF(U96>3,"Yes","No") -> No
A97: ORD200904 | B97: 45693 | C97: =YEAR(B97) -> 2025 | D97: =TEXT(B97,"mmmm") -> February | E97: ="Q"&ROUNDUP(MONTH(B97)/3,0) -> Q1 | F97: C16693 | G97: Monitor | H97: 4 | I97: 237.43 | J97: 262 Main St | K97: Cash | L97: Cancelled | M97: TRK41146508 | N97: 8 | O97: WINTER15 | P97: =IF(ISBLANK(O97),"NO COUPON",O97) -> WINTER15 | Q97: Referral | R97: 949.72 | S97: =AVERAGEIF($G$2:$G$1201,G97,$R$2:$R$1201) -> 1077.616 | T97: {=_xlfn.STDEV.P(_xlfn._xlws.FILTER($R$2:$R$1201,$G$2:$G$1201=G97))} -> 847.57365 | U97: =ABS(I97-S97)/T97 -> 0.99128378 | V97: =IF(U97>3,"Yes","No") -> No
A98: ORD200680 | B98: 45165 | C98: =YEAR(B98) -> 2023 | D98: =TEXT(B98,"mmmm") -> August | E98: ="Q"&ROUNDUP(MONTH(B98)/3,0) -> Q3 | F98: C16702 | G98: Monitor | H98: 3 | I98: 463.39 | J98: 694 Main St | K98: Credit Card | L98: Returned | M98: TRK16953491 | N98: 3 | P98: =IF(ISBLANK(O98),"NO COUPON",O98) -> NO COUPON | Q98: Facebook | R98: 1390.17 | S98: =AVERAGEIF($G$2:$G$1201,G98,$R$2:$R$1201) -> 1077.616 | T98: {=_xlfn.STDEV.P(_xlfn._xlws.FILTER($R$2:$R$1201,$G$2:$G$1201=G98))} -> 847.57365 | U98: =ABS(I98-S98)/T98 -> 0.72468748 | V98: =IF(U98>3,"Yes","No") -> No
A99: ORD200478 | B99: 45597 | C99: =YEAR(B99) -> 2024 | D99: =TEXT(B99,"mmmm") -> November | E99: ="Q"&ROUNDUP(MONTH(B99)/3,0) -> Q4 | F99: C16758 | G99: Tablet | H99: 3 | I99: 62.77 | J99: 914 Main St | K99: Gift Card | L99: Shipped | M99: TRK88544431 | N99: 6 | O99: FREESHIP | P99: =IF(ISBLANK(O99),"NO COUPON",O99) -> FREESHIP | Q99: Referral | R99: 188.31 | S99: =AVERAGEIF($G$2:$G$1201,G99,$R$2:$R$1201) -> 1042.2846 | T99: {=_xlfn.STDEV.P(_xlfn._xlws.FILTER($R$2:$R$1201,$G$2:$G$1201=G99))} -> 832.06806 | U99: =ABS(I99-S99)/T99 -> 1.1772049 | V99: =IF(U99>3,"Yes","No") -> No
A100: ORD200107 | B100: 45012 | C100: =YEAR(B100) -> 2023 | D100: =TEXT(B100,"mmmm") -> March | E100: ="Q"&ROUNDUP(MONTH(B100)/3,0) -> Q1 | F100: C16775 | G100: Printer | H100: 5 | I100: 670.75 | J100: 848 Main St | K100: Gift Card | L100: Shipped | M100: TRK34392124 | N100: 8 | O100: FREESHIP | P100: =IF(ISBLANK(O100),"NO COUPON",O100) -> FREESHIP | Q100: Instagram | R100: 3353.75 | S100: =AVERAGEIF($G$2:$G$1201,G100,$R$2:$R$1201) -> 1080.7327 | T100: {=_xlfn.STDEV.P(_xlfn._xlws.FILTER($R$2:$R$1201,$G$2:$G$1201=G100))} -> 851.72194 | U100: =ABS(I100-S100)/T100 -> 0.48135739 | V100: =IF(U100>3,"Yes","No") -> No
...

Sheet IQR Outliers
A1: OrderID | B1: Date | C1: Year | D1: Month | E1: Quarter | F1: CustomerID | G1: Product | H1: Quantity | I1: UnitPrice | J1: ShippingAddress | K1: PaymentMethod | L1: OrderStatus | M1: TrackingNumber | N1: ItemsInCart | O1: CouponCode | P1: CouponCode2 | Q1: ReferralSource | R1: TotalPrice | S1: Outliers? | Y1: Q1 | Z1: =_xlfn.QUARTILE.INC(Table1[TotalPrice],1) -> 410.52
A2: ORD200853 | B2: 45215 | C2: =YEAR(B2) -> 2023 | D2: =TEXT(B2,"mmmm") -> October | E2: ="Q"&ROUNDUP(MONTH(B2)/3,0) -> Q4 | F2: C10002 | G2: Printer | H2: 3 | I2: 490.01 | J2: 894 Main St | K2: Cash | L2: Returned | M2: TRK94641152 | N2: 4 | O2: SAVE10 | P2: =IF(ISBLANK(O2),"NO COUPON",O2) -> SAVE10 | Q2: Facebook | R2: 1470.03 | S2: =IF(OR(R2>$Z$4,R2<Z5),"No","Yes") -> No | Y2: Q3 | Z2: =_xlfn.QUARTILE.INC(Table1[TotalPrice],3) -> 1578.475
A3: ORD200037 | B3: 45579 | C3: =YEAR(B3) -> 2024 | D3: =TEXT(B3,"mmmm") -> October | E3: ="Q"&ROUNDUP(MONTH(B3)/3,0) -> Q4 | F3: C10054 | G3: Laptop | H3: 2 | I3: 76.74 | J3: 409 Main St | K3: Cash | L3: Returned | M3: TRK94005261 | N3: 7 | O3: SAVE10 | P3: =IF(ISBLANK(O3),"NO COUPON",O3) -> SAVE10 | Q3: Instagram | R3: 153.48 | S3: =IF(OR(R3>$Z$4,R3<Z6),"No","Yes") -> No | Y3: IQR | Z3: =Z2-Z1 -> 1167.955
A4: ORD200201 | B4: 45095 | C4: =YEAR(B4) -> 2023 | D4: =TEXT(B4,"mmmm") -> June | E4: ="Q"&ROUNDUP(MONTH(B4)/3,0) -> Q2 | F4: C10126 | G4: Monitor | H4: 2 | I4: 674.9 | J4: 146 Main St | K4: Online | L4: Shipped | M4: TRK75607531 | N4: 4 | O4: SAVE10 | P4: =IF(ISBLANK(O4),"NO COUPON",O4) -> SAVE10 | Q4: Facebook | R4: 1349.8 | S4: =IF(OR(R4>$Z$4,R4<Z7),"No","Yes") -> No | Y4: Lower limit | Z4: =Z1-1.5*(Z3) -> -1341.4125
A5: ORD200728 | B5: 45502 | C5: =YEAR(B5) -> 2024 | D5: =TEXT(B5,"mmmm") -> July | E5: ="Q"&ROUNDUP(MONTH(B5)/3,0) -> Q3 | F5: C10154 | G5: Desk | H5: 4 | I5: 325.76 | J5: 827 Main St | K5: Gift Card | L5: Shipped | M5: TRK79793300 | N5: 8 | O5: WINTER15 | P5: =IF(ISBLANK(O5),"NO COUPON",O5) -> WINTER15 | Q5: Email | R5: 1303.04 | S5: =IF(OR(R5>$Z$4,R5<Z8),"No","Yes") -> No | Y5: Upper limit | Z5: =Z2+1.5*(Z3) -> 3330.4075
A6: ORD200991 | B6: 45421 | C6: =YEAR(B6) -> 2024 | D6: =TEXT(B6,"mmmm") -> May | E6: ="Q"&ROUNDUP(MONTH(B6)/3,0) -> Q2 | F6: C10211 | G6: Desk | H6: 5 | I6: 127.18 | J6: 598 Main St | K6: Debit Card | L6: Cancelled | M6: TRK68938335 | N6: 10 | O6: FREESHIP | P6: =IF(ISBLANK(O6),"NO COUPON",O6) -> FREESHIP | Q6: Google | R6: 635.9 | S6: =IF(OR(R6>$Z$4,R6<Z9),"No","Yes") -> No
A7: ORD201184 | B7: 45196 | C7: =YEAR(B7) -> 2023 | D7: =TEXT(B7,"mmmm") -> September | E7: ="Q"&ROUNDUP(MONTH(B7)/3,0) -> Q3 | F7: C10222 | G7: Laptop | H7: 1 | I7: 204.08 | J7: 979 Main St | K7: Gift Card | L7: Returned | M7: TRK86297895 | N7: 4 | P7: =IF(ISBLANK(O7),"NO COUPON",O7) -> NO COUPON | Q7: Google | R7: 204.08 | S7: =IF(OR(R7>$Z$4,R7<Z10),"No","Yes") -> No
A8: ORD200667 | B8: 45049 | C8: =YEAR(B8) -> 2023 | D8: =TEXT(B8,"mmmm") -> May | E8: ="Q"&ROUNDUP(MONTH(B8)/3,0) -> Q2 | F8: C10477 | G8: Laptop | H8: 1 | I8: 466.42 | J8: 172 Main St | K8: Gift Card | L8: Pending | M8: TRK41505339 | N8: 5 | O8: SAVE10 | P8: =IF(ISBLANK(O8),"NO COUPON",O8) -> SAVE10 | Q8: Email | R8: 466.42 | S8: =IF(OR(R8>$Z$4,R8<Z11),"No","Yes") -> No
A9: ORD200744 | B9: 45455 | C9: =YEAR(B9) -> 2024 | D9: =TEXT(B9,"mmmm") -> June | E9: ="Q"&ROUNDUP(MONTH(B9)/3,0) -> Q2 | F9: C10642 | G9: Tablet | H9: 2 | I9: 461.37 | J9: 200 Main St | K9: Cash | L9: Delivered | M9: TRK98725693 | N9: 5 | O9: SAVE10 | P9: =IF(ISBLANK(O9),"NO COUPON",O9) -> SAVE10 | Q9: Google | R9: 922.74 | S9: =IF(OR(R9>$Z$4,R9<Z12),"No","Yes") -> No
A10: ORD201055 | B10: 45222 | C10: =YEAR(B10) -> 2023 | D10: =TEXT(B10,"mmmm") -> October | E10: ="Q"&ROUNDUP(MONTH(B10)/3,0) -> Q4 | F10: C10787 | G10: Monitor | H10: 4 | I10: 274.82 | J10: 932 Main St | K10: Debit Card | L10: Delivered | M10: TRK91512567 | N10: 9 | O10: WINTER15 | P10: =IF(ISBLANK(O10),"NO COUPON",O10) -> WINTER15 | Q10: Email | R10: 1099.28 | S10: =IF(OR(R10>$Z$4,R10<Z13),"No","Yes") -> No
A11: ORD201066 | B11: 45280 | C11: =YEAR(B11) -> 2023 | D11: =TEXT(B11,"mmmm") -> December | E11: ="Q"&ROUNDUP(MONTH(B11)/3,0) -> Q4 | F11: C10791 | G11: Desk | H11: 1 | I11: 355.09 | J11: 674 Main St | K11: Debit Card | L11: Cancelled | M11: TRK20321248 | N11: 5 | O11: SAVE10 | P11: =IF(ISBLANK(O11),"NO COUPON",O11) -> SAVE10 | Q11: Instagram | R11: 355.09 | S11: =IF(OR(R11>$Z$4,R11<Z14),"No","Yes") -> No
A12: ORD200254 | B12: 45286 | C12: =YEAR(B12) -> 2023 | D12: =TEXT(B12,"mmmm") -> December | E12: ="Q"&ROUNDUP(MONTH(B12)/3,0) -> Q4 | F12: C10866 | G12: Monitor | H12: 3 | I12: 263.19 | J12: 770 Main St | K12: Online | L12: Delivered | M12: TRK34809583 | N12: 5 | P12: =IF(ISBLANK(O12),"NO COUPON",O12) -> NO COUPON | Q12: Instagram | R12: 789.57 | S12: =IF(OR(R12>$Z$4,R12<Z15),"No","Yes") -> No
A13: ORD200740 | B13: 45493 | C13: =YEAR(B13) -> 2024 | D13: =TEXT(B13,"mmmm") -> July | E13: ="Q"&ROUNDUP(MONTH(B13)/3,0) -> Q3 | F13: C10892 | G13: Desk | H13: 2 | I13: 377.47 | J13: 433 Main St | K13: Cash | L13: Pending | M13: TRK76154554 | N13: 7 | P13: =IF(ISBLANK(O13),"NO COUPON",O13) -> NO COUPON | Q13: Google | R13: 754.94 | S13: =IF(OR(R13>$Z$4,R13<Z16),"No","Yes") -> No
A14: ORD200859 | B14: 45532 | C14: =YEAR(B14) -> 2024 | D14: =TEXT(B14,"mmmm") -> August | E14: ="Q"&ROUNDUP(MONTH(B14)/3,0) -> Q3 | F14: C11127 | G14: Chair | H14: 5 | I14: 261.33 | J14: 154 Main St | K14: Credit Card | L14: Returned | M14: TRK73285507 | N14: 5 | O14: SAVE10 | P14: =IF(ISBLANK(O14),"NO COUPON",O14) -> SAVE10 | Q14: Referral | R14: 1306.65 | S14: =IF(OR(R14>$Z$4,R14<Z17),"No","Yes") -> No
A15: ORD200277 | B15: 45544 | C15: =YEAR(B15) -> 2024 | D15: =TEXT(B15,"mmmm") -> September | E15: ="Q"&ROUNDUP(MONTH(B15)/3,0) -> Q3 | F15: C11210 | G15: Chair | H15: 5 | I15: 90.92 | J15: 910 Main St | K15: Credit Card | L15: Delivered | M15: TRK44929965 | N15: 9 | O15: SAVE10 | P15: =IF(ISBLANK(O15),"NO COUPON",O15) -> SAVE10 | Q15: Facebook | R15: 454.6 | S15: =IF(OR(R15>$Z$4,R15<Z18),"No","Yes") -> No
A16: ORD200511 | B16: 45366 | C16: =YEAR(B16) -> 2024 | D16: =TEXT(B16,"mmmm") -> March | E16: ="Q"&ROUNDUP(MONTH(B16)/3,0) -> Q1 | F16: C11415 | G16: Monitor | H16: 5 | I16: 575.24 | J16: 267 Main St | K16: Cash | L16: Delivered | M16: TRK65061457 | N16: 7 | O16: WINTER15 | P16: =IF(ISBLANK(O16),"NO COUPON",O16) -> WINTER15 | Q16: Email | R16: 2876.2 | S16: =IF(OR(R16>$Z$4,R16<Z19),"No","Yes") -> No
A17: ORD201135 | B17: 45288 | C17: =YEAR(B17) -> 2023 | D17: =TEXT(B17,"mmmm") -> December | E17: ="Q"&ROUNDUP(MONTH(B17)/3,0) -> Q4 | F17: C11473 | G17: Printer | H17: 2 | I17: 73.41 | J17: 562 Main St | K17: Online | L17: Shipped | M17: TRK97793275 | N17: 2 | O17: SAVE10 | P17: =IF(ISBLANK(O17),"NO COUPON",O17) -> SAVE10 | Q17: Google | R17: 146.82 | S17: =IF(OR(R17>$Z$4,R17<Z20),"No","Yes") -> No
A18: ORD200193 | B18: 45128 | C18: =YEAR(B18) -> 2023 | D18: =TEXT(B18,"mmmm") -> July | E18: ="Q"&ROUNDUP(MONTH(B18)/3,0) -> Q3 | F18: C11644 | G18: Printer | H18: 1 | I18: 46.66 | J18: 429 Main St | K18: Cash | L18: Cancelled | M18: TRK81320339 | N18: 6 | P18: =IF(ISBLANK(O18),"NO COUPON",O18) -> NO COUPON | Q18: Google | R18: 46.66 | S18: =IF(OR(R18>$Z$4,R18<Z21),"No","Yes") -> No
A19: ORD200406 | B19: 45270 | C19: =YEAR(B19) -> 2023 | D19: =TEXT(B19,"mmmm") -> December | E19: ="Q"&ROUNDUP(MONTH(B19)/3,0) -> Q4 | F19: C11657 | G19: Tablet | H19: 4 | I19: 66.1 | J19: 572 Main St | K19: Cash | L19: Returned | M19: TRK50284486 | N19: 9 | O19: WINTER15 | P19: =IF(ISBLANK(O19),"NO COUPON",O19) -> WINTER15 | Q19: Google | R19: 264.4 | S19: =IF(OR(R19>$Z$4,R19<Z22),"No","Yes") -> No
A20: ORD200218 | B20: 45044 | C20: =YEAR(B20) -> 2023 | D20: =TEXT(B20,"mmmm") -> April | E20: ="Q"&ROUNDUP(MONTH(B20)/3,0) -> Q2 | F20: C11665 | G20: Tablet | H20: 3 | I20: 112.46 | J20: 882 Main St | K20: Gift Card | L20: Shipped | M20: TRK10993930 | N20: 6 | O20: SAVE10 | P20: =IF(ISBLANK(O20),"NO COUPON",O20) -> SAVE10 | Q20: Instagram | R20: 337.38 | S20: =IF(OR(R20>$Z$4,R20<Z23),"No","Yes") -> No
A21: ORD200504 | B21: 45819 | C21: =YEAR(B21) -> 2025 | D21: =TEXT(B21,"mmmm") -> June | E21: ="Q"&ROUNDUP(MONTH(B21)/3,0) -> Q2 | F21: C11676 | G21: Monitor | H21: 2 | I21: 464.5 | J21: 805 Main St | K21: Online | L21: Cancelled | M21: TRK35726395 | N21: 2 | O21: WINTER15 | P21: =IF(ISBLANK(O21),"NO COUPON",O21) -> WINTER15 | Q21: Instagram | R21: 929 | S21: =IF(OR(R21>$Z$4,R21<Z24),"No","Yes") -> No
A22: ORD200414 | B22: 45781 | C22: =YEAR(B22) -> 2025 | D22: =TEXT(B22,"mmmm") -> May | E22: ="Q"&ROUNDUP(MONTH(B22)/3,0) -> Q2 | F22: C11829 | G22: Desk | H22: 2 | I22: 139.57 | J22: 797 Main St | K22: Cash | L22: Delivered | M22: TRK84229257 | N22: 4 | O22: WINTER15 | P22: =IF(ISBLANK(O22),"NO COUPON",O22) -> WINTER15 | Q22: Facebook | R22: 279.14 | S22: =IF(OR(R22>$Z$4,R22<Z25),"No","Yes") -> No
A23: ORD200273 | B23: 45592 | C23: =YEAR(B23) -> 2024 | D23: =TEXT(B23,"mmmm") -> October | E23: ="Q"&ROUNDUP(MONTH(B23)/3,0) -> Q4 | F23: C11849 | G23: Tablet | H23: 2 | I23: 238.25 | J23: 974 Main St | K23: Online | L23: Cancelled | M23: TRK91195261 | N23: 7 | O23: FREESHIP | P23: =IF(ISBLANK(O23),"NO COUPON",O23) -> FREESHIP | Q23: Email | R23: 476.5 | S23: =IF(OR(R23>$Z$4,R23<Z26),"No","Yes") -> No
A24: ORD201045 | B24: 45555 | C24: =YEAR(B24) -> 2024 | D24: =TEXT(B24,"mmmm") -> September | E24: ="Q"&ROUNDUP(MONTH(B24)/3,0) -> Q3 | F24: C11893 | G24: Laptop | H24: 5 | I24: 316.4 | J24: 671 Main St | K24: Gift Card | L24: Returned | M24: TRK72012758 | N24: 7 | P24: =IF(ISBLANK(O24),"NO COUPON",O24) -> NO COUPON | Q24: Email | R24: 1582 | S24: =IF(OR(R24>$Z$4,R24<Z27),"No","Yes") -> No
A25: ORD200408 | B25: 45658 | C25: =YEAR(B25) -> 2025 | D25: =TEXT(B25,"mmmm") -> January | E25: ="Q"&ROUNDUP(MONTH(B25)/3,0) -> Q1 | F25: C11906 | G25: Printer | H25: 3 | I25: 412.53 | J25: 536 Main St | K25: Online | L25: Pending | M25: TRK31140158 | N25: 6 | O25: WINTER15 | P25: =IF(ISBLANK(O25),"NO COUPON",O25) -> WINTER15 | Q25: Google | R25: 1237.59 | S25: =IF(OR(R25>$Z$4,R25<Z28),"No","Yes") -> No
A26: ORD200420 | B26: 45625 | C26: =YEAR(B26) -> 2024 | D26: =TEXT(B26,"mmmm") -> November | E26: ="Q"&ROUNDUP(MONTH(B26)/3,0) -> Q4 | F26: C11921 | G26: Phone | H26: 1 | I26: 452.7 | J26: 439 Main St | K26: Debit Card | L26: Shipped | M26: TRK91362635 | N26: 5 | O26: FREESHIP | P26: =IF(ISBLANK(O26),"NO COUPON",O26) -> FREESHIP | Q26: Instagram | R26: 452.7 | S26: =IF(OR(R26>$Z$4,R26<Z29),"No","Yes") -> No
A27: ORD200489 | B27: 45174 | C27: =YEAR(B27) -> 2023 | D27: =TEXT(B27,"mmmm") -> September | E27: ="Q"&ROUNDUP(MONTH(B27)/3,0) -> Q3 | F27: C11940 | G27: Tablet | H27: 3 | I27: 149.34 | J27: 589 Main St | K27: Gift Card | L27: Cancelled | M27: TRK85466461 | N27: 7 | O27: WINTER15 | P27: =IF(ISBLANK(O27),"NO COUPON",O27) -> WINTER15 | Q27: Email | R27: 448.02 | S27: =IF(OR(R27>$Z$4,R27<Z30),"No","Yes") -> No
A28: ORD200049 | B28: 45206 | C28: =YEAR(B28) -> 2023 | D28: =TEXT(B28,"mmmm") -> October | E28: ="Q"&ROUNDUP(MONTH(B28)/3,0) -> Q4 | F28: C11985 | G28: Printer | H28: 1 | I28: 30.44 | J28: 633 Main St | K28: Credit Card | L28: Shipped | M28: TRK53272402 | N28: 1 | O28: SAVE10 | P28: =IF(ISBLANK(O28),"NO COUPON",O28) -> SAVE10 | Q28: Email | R28: 30.44 | S28: =IF(OR(R28>$Z$4,R28<Z31),"No","Yes") -> No
A29: ORD201141 | B29: 45704 | C29: =YEAR(B29) -> 2025 | D29: =TEXT(B29,"mmmm") -> February | E29: ="Q"&ROUNDUP(MONTH(B29)/3,0) -> Q1 | F29: C11998 | G29: Chair | H29: 3 | I29: 498.66 | J29: 382 Main St | K29: Cash | L29: Cancelled | M29: TRK26707221 | N29: 6 | P29: =IF(ISBLANK(O29),"NO COUPON",O29) -> NO COUPON | Q29: Email | R29: 1495.98 | S29: =IF(OR(R29>$Z$4,R29<Z32),"No","Yes") -> No
A30: ORD200563 | B30: 45272 | C30: =YEAR(B30) -> 2023 | D30: =TEXT(B30,"mmmm") -> December | E30: ="Q"&ROUNDUP(MONTH(B30)/3,0) -> Q4 | F30: C12039 | G30: Laptop | H30: 1 | I30: 132.68 | J30: 844 Main St | K30: Debit Card | L30: Returned | M30: TRK68645763 | N30: 1 | O30: SAVE10 | P30: =IF(ISBLANK(O30),"NO COUPON",O30) -> SAVE10 | Q30: Referral | R30: 132.68 | S30: =IF(OR(R30>$Z$4,R30<Z33),"No","Yes") -> No
A31: ORD200260 | B31: 45063 | C31: =YEAR(B31) -> 2023 | D31: =TEXT(B31,"mmmm") -> May | E31: ="Q"&ROUNDUP(MONTH(B31)/3,0) -> Q2 | F31: C12245 | G31: Monitor | H31: 2 | I31: 407.79 | J31: 153 Main St | K31: Debit Card | L31: Shipped | M31: TRK22000463 | N31: 3 | P31: =IF(ISBLANK(O31),"NO COUPON",O31) -> NO COUPON | Q31: Google | R31: 815.58 | S31: =IF(OR(R31>$Z$4,R31<Z34),"No","Yes") -> No
A32: ORD201052 | B32: 45180 | C32: =YEAR(B32) -> 2023 | D32: =TEXT(B32,"mmmm") -> September | E32: ="Q"&ROUNDUP(MONTH(B32)/3,0) -> Q3 | F32: C12301 | G32: Tablet | H32: 1 | I32: 531.74 | J32: 493 Main St | K32: Online | L32: Shipped | M32: TRK25145796 | N32: 1 | O32: WINTER15 | P32: =IF(ISBLANK(O32),"NO COUPON",O32) -> WINTER15 | Q32: Google | R32: 531.74 | S32: =IF(OR(R32>$Z$4,R32<Z35),"No","Yes") -> No
A33: ORD200032 | B33: 45047 | C33: =YEAR(B33) -> 2023 | D33: =TEXT(B33,"mmmm") -> May | E33: ="Q"&ROUNDUP(MONTH(B33)/3,0) -> Q2 | F33: C12388 | G33: Tablet | H33: 5 | I33: 536.72 | J33: 830 Main St | K33: Cash | L33: Delivered | M33: TRK99261395 | N33: 10 | P33: =IF(ISBLANK(O33),"NO COUPON",O33) -> NO COUPON | Q33: Email | R33: 2683.6 | S33: =IF(OR(R33>$Z$4,R33<Z36),"No","Yes") -> No
A34: ORD200048 | B34: 45164 | C34: =YEAR(B34) -> 2023 | D34: =TEXT(B34,"mmmm") -> August | E34: ="Q"&ROUNDUP(MONTH(B34)/3,0) -> Q3 | F34: C12408 | G34: Monitor | H34: 2 | I34: 80.77 | J34: 464 Main St | K34: Debit Card | L34: Shipped | M34: TRK38938858 | N34: 4 | P34: =IF(ISBLANK(O34),"NO COUPON",O34) -> NO COUPON | Q34: Google | R34: 161.54 | S34: =IF(OR(R34>$Z$4,R34<Z37),"No","Yes") -> No
A35: ORD200386 | B35: 45044 | C35: =YEAR(B35) -> 2023 | D35: =TEXT(B35,"mmmm") -> April | E35: ="Q"&ROUNDUP(MONTH(B35)/3,0) -> Q2 | F35: C12421 | G35: Tablet | H35: 1 | I35: 93.02 | J35: 373 Main St | K35: Online | L35: Returned | M35: TRK32588504 | N35: 4 | P35: =IF(ISBLANK(O35),"NO COUPON",O35) -> NO COUPON | Q35: Email | R35: 93.02 | S35: =IF(OR(R35>$Z$4,R35<Z38),"No","Yes") -> No
A36: ORD200762 | B36: 45552 | C36: =YEAR(B36) -> 2024 | D36: =TEXT(B36,"mmmm") -> September | E36: ="Q"&ROUNDUP(MONTH(B36)/3,0) -> Q3 | F36: C12444 | G36: Phone | H36: 3 | I36: 76.96 | J36: 611 Main St | K36: Cash | L36: Returned | M36: TRK97621403 | N36: 8 | O36: FREESHIP | P36: =IF(ISBLANK(O36),"NO COUPON",O36) -> FREESHIP | Q36: Email | R36: 230.88 | S36: =IF(OR(R36>$Z$4,R36<Z39),"No","Yes") -> No
A37: ORD200962 | B37: 45541 | C37: =YEAR(B37) -> 2024 | D37: =TEXT(B37,"mmmm") -> September | E37: ="Q"&ROUNDUP(MONTH(B37)/3,0) -> Q3 | F37: C12459 | G37: Phone | H37: 2 | I37: 142.08 | J37: 838 Main St | K37: Gift Card | L37: Delivered | M37: TRK30674085 | N37: 4 | O37: SAVE10 | P37: =IF(ISBLANK(O37),"NO COUPON",O37) -> SAVE10 | Q37: Referral | R37: 284.16 | S37: =IF(OR(R37>$Z$4,R37<Z40),"No","Yes") -> No
A38: ORD201110 | B38: 45347 | C38: =YEAR(B38) -> 2024 | D38: =TEXT(B38,"mmmm") -> February | E38: ="Q"&ROUNDUP(MONTH(B38)/3,0) -> Q1 | F38: C12472 | G38: Chair | H38: 3 | I38: 84.31 | J38: 912 Main St | K38: Credit Card | L38: Shipped | M38: TRK36103184 | N38: 3 | O38: SAVE10 | P38: =IF(ISBLANK(O38),"NO COUPON",O38) -> SAVE10 | Q38: Email | R38: 252.93 | S38: =IF(OR(R38>$Z$4,R38<Z41),"No","Yes") -> No
A39: ORD200601 | B39: 45201 | C39: =YEAR(B39) -> 2023 | D39: =TEXT(B39,"mmmm") -> October | E39: ="Q"&ROUNDUP(MONTH(B39)/3,0) -> Q4 | F39: C12479 | G39: Monitor | H39: 5 | I39: 24.82 | J39: 529 Main St | K39: Credit Card | L39: Shipped | M39: TRK73935314 | N39: 10 | P39: =IF(ISBLANK(O39),"NO COUPON",O39) -> NO COUPON | Q39: Referral | R39: 124.1 | S39: =IF(OR(R39>$Z$4,R39<Z42),"No","Yes") -> No
A40: ORD201105 | B40: 45299 | C40: =YEAR(B40) -> 2024 | D40: =TEXT(B40,"mmmm") -> January | E40: ="Q"&ROUNDUP(MONTH(B40)/3,0) -> Q1 | F40: C12487 | G40: Tablet | H40: 3 | I40: 475.69 | J40: 884 Main St | K40: Gift Card | L40: Cancelled | M40: TRK23324770 | N40: 3 | O40: FREESHIP | P40: =IF(ISBLANK(O40),"NO COUPON",O40) -> FREESHIP | Q40: Google | R40: 1427.07 | S40: =IF(OR(R40>$Z$4,R40<Z43),"No","Yes") -> No
A41: ORD201183 | B41: 45021 | C41: =YEAR(B41) -> 2023 | D41: =TEXT(B41,"mmmm") -> April | E41: ="Q"&ROUNDUP(MONTH(B41)/3,0) -> Q2 | F41: C12607 | G41: Desk | H41: 1 | I41: 281.52 | J41: 460 Main St | K41: Gift Card | L41: Shipped | M41: TRK83653396 | N41: 6 | O41: WINTER15 | P41: =IF(ISBLANK(O41),"NO COUPON",O41) -> WINTER15 | Q41: Referral | R41: 281.52 | S41: =IF(OR(R41>$Z$4,R41<Z44),"No","Yes") -> No
A42: ORD200981 | B42: 45256 | C42: =YEAR(B42) -> 2023 | D42: =TEXT(B42,"mmmm") -> November | E42: ="Q"&ROUNDUP(MONTH(B42)/3,0) -> Q4 | F42: C12609 | G42: Phone | H42: 4 | I42: 136.83 | J42: 490 Main St | K42: Debit Card | L42: Pending | M42: TRK56379337 | N42: 8 | O42: SAVE10 | P42: =IF(ISBLANK(O42),"NO COUPON",O42) -> SAVE10 | Q42: Email | R42: 547.32 | S42: =IF(OR(R42>$Z$4,R42<Z45),"No","Yes") -> No
A43: ORD200245 | B43: 45767 | C43: =YEAR(B43) -> 2025 | D43: =TEXT(B43,"mmmm") -> April | E43: ="Q"&ROUNDUP(MONTH(B43)/3,0) -> Q2 | F43: C12667 | G43: Laptop | H43: 1 | I43: 223.3 | J43: 306 Main St | K43: Online | L43: Returned | M43: TRK25390491 | N43: 1 | P43: =IF(ISBLANK(O43),"NO COUPON",O43) -> NO COUPON | Q43: Facebook | R43: 223.3 | S43: =IF(OR(R43>$Z$4,R43<Z46),"No","Yes") -> No
A44: ORD200720 | B44: 45190 | C44: =YEAR(B44) -> 2023 | D44: =TEXT(B44,"mmmm") -> September | E44: ="Q"&ROUNDUP(MONTH(B44)/3,0) -> Q3 | F44: C12740 | G44: Desk | H44: 5 | I44: 128.95 | J44: 305 Main St | K44: Cash | L44: Pending | M44: TRK98506513 | N44: 10 | O44: FREESHIP | P44: =IF(ISBLANK(O44),"NO COUPON",O44) -> FREESHIP | Q44: Instagram | R44: 644.75 | S44: =IF(OR(R44>$Z$4,R44<Z47),"No","Yes") -> No
A45: ORD200813 | B45: 45731 | C45: =YEAR(B45) -> 2025 | D45: =TEXT(B45,"mmmm") -> March | E45: ="Q"&ROUNDUP(MONTH(B45)/3,0) -> Q1 | F45: C12813 | G45: Laptop | H45: 5 | I45: 292.54 | J45: 263 Main St | K45: Debit Card | L45: Cancelled | M45: TRK36131660 | N45: 8 | O45: FREESHIP | P45: =IF(ISBLANK(O45),"NO COUPON",O45) -> FREESHIP | Q45: Email | R45: 1462.7 | S45: =IF(OR(R45>$Z$4,R45<Z48),"No","Yes") -> No
A46: ORD200635 | B46: 45273 | C46: =YEAR(B46) -> 2023 | D46: =TEXT(B46,"mmmm") -> December | E46: ="Q"&ROUNDUP(MONTH(B46)/3,0) -> Q4 | F46: C12818 | G46: Chair | H46: 3 | I46: 63.68 | J46: 434 Main St | K46: Cash | L46: Returned | M46: TRK40879983 | N46: 6 | P46: =IF(ISBLANK(O46),"NO COUPON",O46) -> NO COUPON | Q46: Facebook | R46: 191.04 | S46: =IF(OR(R46>$Z$4,R46<Z49),"No","Yes") -> No
A47: ORD201138 | B47: 45278 | C47: =YEAR(B47) -> 2023 | D47: =TEXT(B47,"mmmm") -> December | E47: ="Q"&ROUNDUP(MONTH(B47)/3,0) -> Q4 | F47: C13100 | G47: Desk | H47: 4 | I47: 294.41 | J47: 188 Main St | K47: Debit Card | L47: Pending | M47: TRK55565668 | N47: 4 | P47: =IF(ISBLANK(O47),"NO COUPON",O47) -> NO COUPON | Q47: Instagram | R47: 1177.64 | S47: =IF(OR(R47>$Z$4,R47<Z50),"No","Yes") -> No
A48: ORD200367 | B48: 45407 | C48: =YEAR(B48) -> 2024 | D48: =TEXT(B48,"mmmm") -> April | E48: ="Q"&ROUNDUP(MONTH(B48)/3,0) -> Q2 | F48: C13108 | G48: Laptop | H48: 5 | I48: 658.77 | J48: 712 Main St | K48: Gift Card | L48: Pending | M48: TRK82284400 | N48: 10 | O48: FREESHIP | P48: =IF(ISBLANK(O48),"NO COUPON",O48) -> FREESHIP | Q48: Instagram | R48: 3293.85 | S48: =IF(OR(R48>$Z$4,R48<Z51),"No","Yes") -> No
A49: ORD201040 | B49: 45245 | C49: =YEAR(B49) -> 2023 | D49: =TEXT(B49,"mmmm") -> November | E49: ="Q"&ROUNDUP(MONTH(B49)/3,0) -> Q4 | F49: C13169 | G49: Tablet | H49: 1 | I49: 536.07 | J49: 932 Main St | K49: Debit Card | L49: Delivered | M49: TRK66288666 | N49: 5 | O49: FREESHIP | P49: =IF(ISBLANK(O49),"NO COUPON",O49) -> FREESHIP | Q49: Google | R49: 536.07 | S49: =IF(OR(R49>$Z$4,R49<Z52),"No","Yes") -> No
A50: ORD200689 | B50: 45167 | C50: =YEAR(B50) -> 2023 | D50: =TEXT(B50,"mmmm") -> August | E50: ="Q"&ROUNDUP(MONTH(B50)/3,0) -> Q3 | F50: C13186 | G50: Tablet | H50: 2 | I50: 444.84 | J50: 787 Main St | K50: Online | L50: Shipped | M50: TRK56967415 | N50: 7 | P50: =IF(ISBLANK(O50),"NO COUPON",O50) -> NO COUPON | Q50: Facebook | R50: 889.68 | S50: =IF(OR(R50>$Z$4,R50<Z53),"No","Yes") -> No
A51: ORD200573 | B51: 44951 | C51: =YEAR(B51) -> 2023 | D51: =TEXT(B51,"mmmm") -> January | E51: ="Q"&ROUNDUP(MONTH(B51)/3,0) -> Q1 | F51: C13205 | G51: Chair | H51: 5 | I51: 421.42 | J51: 522 Main St | K51: Debit Card | L51: Cancelled | M51: TRK30686578 | N51: 7 | P51: =IF(ISBLANK(O51),"NO COUPON",O51) -> NO COUPON | Q51: Instagram | R51: 2107.1 | S51: =IF(OR(R51>$Z$4,R51<Z54),"No","Yes") -> No
A52: ORD200350 | B52: 45080 | C52: =YEAR(B52) -> 2023 | D52: =TEXT(B52,"mmmm") -> June | E52: ="Q"&ROUNDUP(MONTH(B52)/3,0) -> Q2 | F52: C13296 | G52: Chair | H52: 2 | I52: 54.41 | J52: 495 Main St | K52: Online | L52: Shipped | M52: TRK60127216 | N52: 6 | P52: =IF(ISBLANK(O52),"NO COUPON",O52) -> NO COUPON | Q52: Instagram | R52: 108.82 | S52: =IF(OR(R52>$Z$4,R52<Z55),"No","Yes") -> No
A53: ORD201089 | B53: 45731 | C53: =YEAR(B53) -> 2025 | D53: =TEXT(B53,"mmmm") -> March | E53: ="Q"&ROUNDUP(MONTH(B53)/3,0) -> Q1 | F53: C13324 | G53: Tablet | H53: 2 | I53: 599.74 | J53: 440 Main St | K53: Gift Card | L53: Shipped | M53: TRK66967997 | N53: 2 | P53: =IF(ISBLANK(O53),"NO COUPON",O53) -> NO COUPON | Q53: Instagram | R53: 1199.48 | S53: =IF(OR(R53>$Z$4,R53<Z56),"No","Yes") -> No
A54: ORD200769 | B54: 45113 | C54: =YEAR(B54) -> 2023 | D54: =TEXT(B54,"mmmm") -> July | E54: ="Q"&ROUNDUP(MONTH(B54)/3,0) -> Q3 | F54: C13366 | G54: Printer | H54: 4 | I54: 678.55 | J54: 568 Main St | K54: Cash | L54: Delivered | M54: TRK98691410 | N54: 5 | P54: =IF(ISBLANK(O54),"NO COUPON",O54) -> NO COUPON | Q54: Email | R54: 2714.2 | S54: =IF(OR(R54>$Z$4,R54<Z57),"No","Yes") -> No
A55: ORD201062 | B55: 45161 | C55: =YEAR(B55) -> 2023 | D55: =TEXT(B55,"mmmm") -> August | E55: ="Q"&ROUNDUP(MONTH(B55)/3,0) -> Q3 | F55: C13501 | G55: Chair | H55: 5 | I55: 85.52 | J55: 301 Main St | K55: Gift Card | L55: Cancelled | M55: TRK65149372 | N55: 5 | P55: =IF(ISBLANK(O55),"NO COUPON",O55) -> NO COUPON | Q55: Facebook | R55: 427.6 | S55: =IF(OR(R55>$Z$4,R55<Z58),"No","Yes") -> No
A56: ORD200324 | B56: 45456 | C56: =YEAR(B56) -> 2024 | D56: =TEXT(B56,"mmmm") -> June | E56: ="Q"&ROUNDUP(MONTH(B56)/3,0) -> Q2 | F56: C13525 | G56: Tablet | H56: 3 | I56: 70.93 | J56: 847 Main St | K56: Debit Card | L56: Returned | M56: TRK70193221 | N56: 5 | P56: =IF(ISBLANK(O56),"NO COUPON",O56) -> NO COUPON | Q56: Referral | R56: 212.79 | S56: =IF(OR(R56>$Z$4,R56<Z59),"No","Yes") -> No
A57: ORD200270 | B57: 45081 | C57: =YEAR(B57) -> 2023 | D57: =TEXT(B57,"mmmm") -> June | E57: ="Q"&ROUNDUP(MONTH(B57)/3,0) -> Q2 | F57: C13540 | G57: Printer | H57: 4 | I57: 309.91 | J57: 127 Main St | K57: Debit Card | L57: Shipped | M57: TRK81087373 | N57: 5 | O57: WINTER15 | P57: =IF(ISBLANK(O57),"NO COUPON",O57) -> WINTER15 | Q57: Google | R57: 1239.64 | S57: =IF(OR(R57>$Z$4,R57<Z60),"No","Yes") -> No
A58: ORD200469 | B58: 45256 | C58: =YEAR(B58) -> 2023 | D58: =TEXT(B58,"mmmm") -> November | E58: ="Q"&ROUNDUP(MONTH(B58)/3,0) -> Q4 | F58: C13877 | G58: Chair | H58: 5 | I58: 676.98 | J58: 893 Main St | K58: Cash | L58: Cancelled | M58: TRK17254691 | N58: 5 | P58: =IF(ISBLANK(O58),"NO COUPON",O58) -> NO COUPON | Q58: Facebook | R58: 3384.9 | S58: =IF(OR(R58>$Z$4,R58<Z61),"No","Yes") -> No
A59: ORD200413 | B59: 45207 | C59: =YEAR(B59) -> 2023 | D59: =TEXT(B59,"mmmm") -> October | E59: ="Q"&ROUNDUP(MONTH(B59)/3,0) -> Q4 | F59: C13923 | G59: Tablet | H59: 1 | I59: 118.8 | J59: 123 Main St | K59: Online | L59: Delivered | M59: TRK87598790 | N59: 6 | O59: SAVE10 | P59: =IF(ISBLANK(O59),"NO COUPON",O59) -> SAVE10 | Q59: Email | R59: 118.8 | S59: =IF(OR(R59>$Z$4,R59<Z62),"No","Yes") -> No
A60: ORD200931 | B60: 45292 | C60: =YEAR(B60) -> 2024 | D60: =TEXT(B60,"mmmm") -> January | E60: ="Q"&ROUNDUP(MONTH(B60)/3,0) -> Q1 | F60: C14005 | G60: Printer | H60: 2 | I60: 40.23 | J60: 623 Main St | K60: Credit Card | L60: Cancelled | M60: TRK87567926 | N60: 4 | O60: SAVE10 | P60: =IF(ISBLANK(O60),"NO COUPON",O60) -> SAVE10 | Q60: Google | R60: 80.46 | S60: =IF(OR(R60>$Z$4,R60<Z63),"No","Yes") -> No
A61: ORD200672 | B61: 45055 | C61: =YEAR(B61) -> 2023 | D61: =TEXT(B61,"mmmm") -> May | E61: ="Q"&ROUNDUP(MONTH(B61)/3,0) -> Q2 | F61: C14017 | G61: Phone | H61: 2 | I61: 624.16 | J61: 984 Main St | K61: Debit Card | L61: Shipped | M61: TRK71009446 | N61: 2 | O61: SAVE10 | P61: =IF(ISBLANK(O61),"NO COUPON",O61) -> SAVE10 | Q61: Instagram | R61: 1248.32 | S61: =IF(OR(R61>$Z$4,R61<Z64),"No","Yes") -> No
A62: ORD200756 | B62: 45470 | C62: =YEAR(B62) -> 2024 | D62: =TEXT(B62,"mmmm") -> June | E62: ="Q"&ROUNDUP(MONTH(B62)/3,0) -> Q2 | F62: C14080 | G62: Phone | H62: 1 | I62: 283.69 | J62: 202 Main St | K62: Gift Card | L62: Shipped | M62: TRK93163682 | N62: 6 | P62: =IF(ISBLANK(O62),"NO COUPON",O62) -> NO COUPON | Q62: Google | R62: 283.69 | S62: =IF(OR(R62>$Z$4,R62<Z65),"No","Yes") -> No
A63: ORD200512 | B63: 45562 | C63: =YEAR(B63) -> 2024 | D63: =TEXT(B63,"mmmm") -> September | E63: ="Q"&ROUNDUP(MONTH(B63)/3,0) -> Q3 | F63: C14114 | G63: Desk | H63: 3 | I63: 568.02 | J63: 856 Main St | K63: Online | L63: Pending | M63: TRK63290700 | N63: 3 | O63: FREESHIP | P63: =IF(ISBLANK(O63),"NO COUPON",O63) -> FREESHIP | Q63: Instagram | R63: 1704.06 | S63: =IF(OR(R63>$Z$4,R63<Z66),"No","Yes") -> No
A64: ORD200864 | B64: 45049 | C64: =YEAR(B64) -> 2023 | D64: =TEXT(B64,"mmmm") -> May | E64: ="Q"&ROUNDUP(MONTH(B64)/3,0) -> Q2 | F64: C14240 | G64: Desk | H64: 1 | I64: 491.11 | J64: 592 Main St | K64: Credit Card | L64: Delivered | M64: TRK58095246 | N64: 4 | O64: SAVE10 | P64: =IF(ISBLANK(O64),"NO COUPON",O64) -> SAVE10 | Q64: Facebook | R64: 491.11 | S64: =IF(OR(R64>$Z$4,R64<Z67),"No","Yes") -> No
A65: ORD200888 | B65: 45496 | C65: =YEAR(B65) -> 2024 | D65: =TEXT(B65,"mmmm") -> July | E65: ="Q"&ROUNDUP(MONTH(B65)/3,0) -> Q3 | F65: C14427 | G65: Laptop | H65: 2 | I65: 266.95 | J65: 833 Main St | K65: Credit Card | L65: Pending | M65: TRK58024529 | N65: 3 | P65: =IF(ISBLANK(O65),"NO COUPON",O65) -> NO COUPON | Q65: Instagram | R65: 533.9 | S65: =IF(OR(R65>$Z$4,R65<Z68),"No","Yes") -> No
A66: ORD200723 | B66: 45269 | C66: =YEAR(B66) -> 2023 | D66: =TEXT(B66,"mmmm") -> December | E66: ="Q"&ROUNDUP(MONTH(B66)/3,0) -> Q4 | F66: C14455 | G66: Desk | H66: 3 | I66: 54.95 | J66: 385 Main St | K66: Cash | L66: Returned | M66: TRK50933724 | N66: 8 | O66: SAVE10 | P66: =IF(ISBLANK(O66),"NO COUPON",O66) -> SAVE10 | Q66: Referral | R66: 164.85 | S66: =IF(OR(R66>$Z$4,R66<Z69),"No","Yes") -> No
A67: ORD200576 | B67: 45441 | C67: =YEAR(B67) -> 2024 | D67: =TEXT(B67,"mmmm") -> May | E67: ="Q"&ROUNDUP(MONTH(B67)/3,0) -> Q2 | F67: C14457 | G67: Laptop | H67: 5 | I67: 79.08 | J67: 747 Main St | K67: Cash | L67: Pending | M67: TRK42517811 | N67: 8 | P67: =IF(ISBLANK(O67),"NO COUPON",O67) -> NO COUPON | Q67: Facebook | R67: 395.4 | S67: =IF(OR(R67>$Z$4,R67<Z70),"No","Yes") -> No
A68: ORD200019 | B68: 44949 | C68: =YEAR(B68) -> 2023 | D68: =TEXT(B68,"mmmm") -> January | E68: ="Q"&ROUNDUP(MONTH(B68)/3,0) -> Q1 | F68: C14552 | G68: Monitor | H68: 5 | I68: 224 | J68: 273 Main St | K68: Cash | L68: Returned | M68: TRK59101365 | N68: 9 | O68: SAVE10 | P68: =IF(ISBLANK(O68),"NO COUPON",O68) -> SAVE10 | Q68: Google | R68: 1120 | S68: =IF(OR(R68>$Z$4,R68<Z71),"No","Yes") -> No
A69: ORD200085 | B69: 45544 | C69: =YEAR(B69) -> 2024 | D69: =TEXT(B69,"mmmm") -> September | E69: ="Q"&ROUNDUP(MONTH(B69)/3,0) -> Q3 | F69: C14553 | G69: Tablet | H69: 3 | I69: 146.73 | J69: 768 Main St | K69: Cash | L69: Delivered | M69: TRK93538334 | N69: 8 | O69: FREESHIP | P69: =IF(ISBLANK(O69),"NO COUPON",O69) -> FREESHIP | Q69: Email | R69: 440.19 | S69: =IF(OR(R69>$Z$4,R69<Z72),"No","Yes") -> No
A70: ORD200436 | B70: 44968 | C70: =YEAR(B70) -> 2023 | D70: =TEXT(B70,"mmmm") -> February | E70: ="Q"&ROUNDUP(MONTH(B70)/3,0) -> Q1 | F70: C14568 | G70: Laptop | H70: 4 | I70: 221.33 | J70: 651 Main St | K70: Online | L70: Pending | M70: TRK73545796 | N70: 5 | P70: =IF(ISBLANK(O70),"NO COUPON",O70) -> NO COUPON | Q70: Google | R70: 885.32 | S70: =IF(OR(R70>$Z$4,R70<Z73),"No","Yes") -> No
A71: ORD200670 | B71: 45400 | C71: =YEAR(B71) -> 2024 | D71: =TEXT(B71,"mmmm") -> April | E71: ="Q"&ROUNDUP(MONTH(B71)/3,0) -> Q2 | F71: C14576 | G71: Desk | H71: 4 | I71: 539.2 | J71: 747 Main St | K71: Credit Card | L71: Pending | M71: TRK21637540 | N71: 8 | O71: FREESHIP | P71: =IF(ISBLANK(O71),"NO COUPON",O71) -> FREESHIP | Q71: Google | R71: 2156.8 | S71: =IF(OR(R71>$Z$4,R71<Z74),"No","Yes") -> No
A72: ORD200247 | B72: 45127 | C72: =YEAR(B72) -> 2023 | D72: =TEXT(B72,"mmmm") -> July | E72: ="Q"&ROUNDUP(MONTH(B72)/3,0) -> Q3 | F72: C14600 | G72: Printer | H72: 2 | I72: 220.9 | J72: 785 Main St | K72: Gift Card | L72: Shipped | M72: TRK84984764 | N72: 4 | P72: =IF(ISBLANK(O72),"NO COUPON",O72) -> NO COUPON | Q72: Email | R72: 441.8 | S72: =IF(OR(R72>$Z$4,R72<Z75),"No","Yes") -> No
A73: ORD200119 | B73: 45819 | C73: =YEAR(B73) -> 2025 | D73: =TEXT(B73,"mmmm") -> June | E73: ="Q"&ROUNDUP(MONTH(B73)/3,0) -> Q2 | F73: C14683 | G73: Desk | H73: 2 | I73: 534.67 | J73: 187 Main St | K73: Debit Card | L73: Shipped | M73: TRK47373682 | N73: 7 | O73: FREESHIP | P73: =IF(ISBLANK(O73),"NO COUPON",O73) -> FREESHIP | Q73: Referral | R73: 1069.34 | S73: =IF(OR(R73>$Z$4,R73<Z76),"No","Yes") -> No
A74: ORD200750 | B74: 44940 | C74: =YEAR(B74) -> 2023 | D74: =TEXT(B74,"mmmm") -> January | E74: ="Q"&ROUNDUP(MONTH(B74)/3,0) -> Q1 | F74: C14737 | G74: Tablet | H74: 4 | I74: 145.41 | J74: 637 Main St | K74: Credit Card | L74: Returned | M74: TRK10295115 | N74: 7 | O74: FREESHIP | P74: =IF(ISBLANK(O74),"NO COUPON",O74) -> FREESHIP | Q74: Email | R74: 581.64 | S74: =IF(OR(R74>$Z$4,R74<Z77),"No","Yes") -> No
A75: ORD200451 | B75: 45017 | C75: =YEAR(B75) -> 2023 | D75: =TEXT(B75,"mmmm") -> April | E75: ="Q"&ROUNDUP(MONTH(B75)/3,0) -> Q2 | F75: C14837 | G75: Monitor | H75: 1 | I75: 183.18 | J75: 647 Main St | K75: Debit Card | L75: Cancelled | M75: TRK17501136 | N75: 6 | O75: SAVE10 | P75: =IF(ISBLANK(O75),"NO COUPON",O75) -> SAVE10 | Q75: Email | R75: 183.18 | S75: =IF(OR(R75>$Z$4,R75<Z78),"No","Yes") -> No
A76: ORD200236 | B76: 44927 | C76: =YEAR(B76) -> 2023 | D76: =TEXT(B76,"mmmm") -> January | E76: ="Q"&ROUNDUP(MONTH(B76)/3,0) -> Q1 | F76: C14847 | G76: Monitor | H76: 1 | I76: 318.81 | J76: 562 Main St | K76: Debit Card | L76: Pending | M76: TRK39663243 | N76: 3 | O76: WINTER15 | P76: =IF(ISBLANK(O76),"NO COUPON",O76) -> WINTER15 | Q76: Email | R76: 318.81 | S76: =IF(OR(R76>$Z$4,R76<Z79),"No","Yes") -> No
A77: ORD200664 | B77: 45645 | C77: =YEAR(B77) -> 2024 | D77: =TEXT(B77,"mmmm") -> December | E77: ="Q"&ROUNDUP(MONTH(B77)/3,0) -> Q4 | F77: C14847 | G77: Laptop | H77: 4 | I77: 194.75 | J77: 188 Main St | K77: Cash | L77: Shipped | M77: TRK46492755 | N77: 5 | P77: =IF(ISBLANK(O77),"NO COUPON",O77) -> NO COUPON | Q77: Facebook | R77: 779 | S77: =IF(OR(R77>$Z$4,R77<Z80),"No","Yes") -> No
A78: ORD200253 | B78: 45374 | C78: =YEAR(B78) -> 2024 | D78: =TEXT(B78,"mmmm") -> March | E78: ="Q"&ROUNDUP(MONTH(B78)/3,0) -> Q1 | F78: C14891 | G78: Chair | H78: 4 | I78: 413.74 | J78: 743 Main St | K78: Gift Card | L78: Returned | M78: TRK79471534 | N78: 7 | O78: FREESHIP | P78: =IF(ISBLANK(O78),"NO COUPON",O78) -> FREESHIP | Q78: Instagram | R78: 1654.96 | S78: =IF(OR(R78>$Z$4,R78<Z81),"No","Yes") -> No
A79: ORD200240 | B79: 45119 | C79: =YEAR(B79) -> 2023 | D79: =TEXT(B79,"mmmm") -> July | E79: ="Q"&ROUNDUP(MONTH(B79)/3,0) -> Q3 | F79: C14983 | G79: Tablet | H79: 1 | I79: 17.24 | J79: 255 Main St | K79: Online | L79: Pending | M79: TRK93444157 | N79: 2 | O79: FREESHIP | P79: =IF(ISBLANK(O79),"NO COUPON",O79) -> FREESHIP | Q79: Instagram | R79: 17.24 | S79: =IF(OR(R79>$Z$4,R79<Z82),"No","Yes") -> No
A80: ORD200453 | B80: 45779 | C80: =YEAR(B80) -> 2025 | D80: =TEXT(B80,"mmmm") -> May | E80: ="Q"&ROUNDUP(MONTH(B80)/3,0) -> Q2 | F80: C15017 | G80: Tablet | H80: 1 | I80: 675.57 | J80: 492 Main St | K80: Cash | L80: Shipped | M80: TRK51241924 | N80: 1 | O80: WINTER15 | P80: =IF(ISBLANK(O80),"NO COUPON",O80) -> WINTER15 | Q80: Facebook | R80: 675.57 | S80: =IF(OR(R80>$Z$4,R80<Z83),"No","Yes") -> No
A81: ORD200642 | B81: 45411 | C81: =YEAR(B81) -> 2024 | D81: =TEXT(B81,"mmmm") -> April | E81: ="Q"&ROUNDUP(MONTH(B81)/3,0) -> Q2 | F81: C15063 | G81: Chair | H81: 5 | I81: 85.22 | J81: 527 Main St | K81: Credit Card | L81: Cancelled | M81: TRK10329390 | N81: 7 | O81: FREESHIP | P81: =IF(ISBLANK(O81),"NO COUPON",O81) -> FREESHIP | Q81: Email | R81: 426.1 | S81: =IF(OR(R81>$Z$4,R81<Z84),"No","Yes") -> No
A82: ORD201100 | B82: 45155 | C82: =YEAR(B82) -> 2023 | D82: =TEXT(B82,"mmmm") -> August | E82: ="Q"&ROUNDUP(MONTH(B82)/3,0) -> Q3 | F82: C15146 | G82: Laptop | H82: 5 | I82: 38.11 | J82: 428 Main St | K82: Debit Card | L82: Cancelled | M82: TRK79790530 | N82: 6 | O82: WINTER15 | P82: =IF(ISBLANK(O82),"NO COUPON",O82) -> WINTER15 | Q82: Instagram | R82: 190.55 | S82: =IF(OR(R82>$Z$4,R82<Z85),"No","Yes") -> No
A83: ORD200582 | B83: 45341 | C83: =YEAR(B83) -> 2024 | D83: =TEXT(B83,"mmmm") -> February | E83: ="Q"&ROUNDUP(MONTH(B83)/3,0) -> Q1 | F83: C15228 | G83: Tablet | H83: 3 | I83: 474.14 | J83: 558 Main St | K83: Gift Card | L83: Shipped | M83: TRK33860620 | N83: 8 | O83: WINTER15 | P83: =IF(ISBLANK(O83),"NO COUPON",O83) -> WINTER15 | Q83: Google | R83: 1422.42 | S83: =IF(OR(R83>$Z$4,R83<Z86),"No","Yes") -> No
A84: ORD200584 | B84: 45737 | C84: =YEAR(B84) -> 2025 | D84: =TEXT(B84,"mmmm") -> March | E84: ="Q"&ROUNDUP(MONTH(B84)/3,0) -> Q1 | F84: C15257 | G84: Chair | H84: 4 | I84: 145.05 | J84: 626 Main St | K84: Online | L84: Delivered | M84: TRK28779938 | N84: 6 | O84: SAVE10 | P84: =IF(ISBLANK(O84),"NO COUPON",O84) -> SAVE10 | Q84: Google | R84: 580.2 | S84: =IF(OR(R84>$Z$4,R84<Z87),"No","Yes") -> No
A85: ORD200101 | B85: 45255 | C85: =YEAR(B85) -> 2023 | D85: =TEXT(B85,"mmmm") -> November | E85: ="Q"&ROUNDUP(MONTH(B85)/3,0) -> Q4 | F85: C15283 | G85: Printer | H85: 1 | I85: 381.02 | J85: 152 Main St | K85: Cash | L85: Shipped | M85: TRK19286291 | N85: 6 | P85: =IF(ISBLANK(O85),"NO COUPON",O85) -> NO COUPON | Q85: Google | R85: 381.02 | S85: =IF(OR(R85>$Z$4,R85<Z88),"No","Yes") -> No
A86: ORD200097 | B86: 45678 | C86: =YEAR(B86) -> 2025 | D86: =TEXT(B86,"mmmm") -> January | E86: ="Q"&ROUNDUP(MONTH(B86)/3,0) -> Q1 | F86: C15624 | G86: Tablet | H86: 5 | I86: 619.52 | J86: 922 Main St | K86: Debit Card | L86: Pending | M86: TRK40621141 | N86: 9 | P86: =IF(ISBLANK(O86),"NO COUPON",O86) -> NO COUPON | Q86: Email | R86: 3097.6 | S86: =IF(OR(R86>$Z$4,R86<Z89),"No","Yes") -> No
A87: ORD200514 | B87: 45032 | C87: =YEAR(B87) -> 2023 | D87: =TEXT(B87,"mmmm") -> April | E87: ="Q"&ROUNDUP(MONTH(B87)/3,0) -> Q2 | F87: C15629 | G87: Printer | H87: 3 | I87: 304.15 | J87: 492 Main St | K87: Gift Card | L87: Shipped | M87: TRK64926044 | N87: 3 | O87: WINTER15 | P87: =IF(ISBLANK(O87),"NO COUPON",O87) -> WINTER15 | Q87: Instagram | R87: 912.45 | S87: =IF(OR(R87>$Z$4,R87<Z90),"No","Yes") -> No
A88: ORD200083 | B88: 45160 | C88: =YEAR(B88) -> 2023 | D88: =TEXT(B88,"mmmm") -> August | E88: ="Q"&ROUNDUP(MONTH(B88)/3,0) -> Q3 | F88: C15681 | G88: Laptop | H88: 4 | I88: 540.41 | J88: 989 Main St | K88: Credit Card | L88: Cancelled | M88: TRK75112172 | N88: 6 | P88: =IF(ISBLANK(O88),"NO COUPON",O88) -> NO COUPON | Q88: Referral | R88: 2161.64 | S88: =IF(OR(R88>$Z$4,R88<Z91),"No","Yes") -> No
A89: ORD201169 | B89: 45649 | C89: =YEAR(B89) -> 2024 | D89: =TEXT(B89,"mmmm") -> December | E89: ="Q"&ROUNDUP(MONTH(B89)/3,0) -> Q4 | F89: C15849 | G89: Chair | H89: 1 | I89: 525.43 | J89: 643 Main St | K89: Cash | L89: Cancelled | M89: TRK26794546 | N89: 2 | O89: SAVE10 | P89: =IF(ISBLANK(O89),"NO COUPON",O89) -> SAVE10 | Q89: Instagram | R89: 525.43 | S89: =IF(OR(R89>$Z$4,R89<Z92),"No","Yes") -> No
A90: ORD200038 | B90: 45645 | C90: =YEAR(B90) -> 2024 | D90: =TEXT(B90,"mmmm") -> December | E90: ="Q"&ROUNDUP(MONTH(B90)/3,0) -> Q4 | F90: C15924 | G90: Laptop | H90: 1 | I90: 245.89 | J90: 549 Main St | K90: Debit Card | L90: Delivered | M90: TRK14835975 | N90: 3 | O90: SAVE10 | P90: =IF(ISBLANK(O90),"NO COUPON",O90) -> SAVE10 | Q90: Google | R90: 245.89 | S90: =IF(OR(R90>$Z$4,R90<Z93),"No","Yes") -> No
A91: ORD200353 | B91: 45744 | C91: =YEAR(B91) -> 2025 | D91: =TEXT(B91,"mmmm") -> March | E91: ="Q"&ROUNDUP(MONTH(B91)/3,0) -> Q1 | F91: C16012 | G91: Tablet | H91: 1 | I91: 630.82 | J91: 171 Main St | K91: Online | L91: Delivered | M91: TRK15195225 | N91: 5 | O91: FREESHIP | P91: =IF(ISBLANK(O91),"NO COUPON",O91) -> FREESHIP | Q91: Google | R91: 630.82 | S91: =IF(OR(R91>$Z$4,R91<Z94),"No","Yes") -> No
A92: ORD200134 | B92: 45831 | C92: =YEAR(B92) -> 2025 | D92: =TEXT(B92,"mmmm") -> June | E92: ="Q"&ROUNDUP(MONTH(B92)/3,0) -> Q2 | F92: C16253 | G92: Laptop | H92: 2 | I92: 199.7 | J92: 583 Main St | K92: Cash | L92: Pending | M92: TRK17354894 | N92: 4 | P92: =IF(ISBLANK(O92),"NO COUPON",O92) -> NO COUPON | Q92: Email | R92: 399.4 | S92: =IF(OR(R92>$Z$4,R92<Z95),"No","Yes") -> No
A93: ORD201091 | B93: 45573 | C93: =YEAR(B93) -> 2024 | D93: =TEXT(B93,"mmmm") -> October | E93: ="Q"&ROUNDUP(MONTH(B93)/3,0) -> Q4 | F93: C16400 | G93: Laptop | H93: 3 | I93: 209.48 | J93: 123 Main St | K93: Debit Card | L93: Pending | M93: TRK57771859 | N93: 4 | P93: =IF(ISBLANK(O93),"NO COUPON",O93) -> NO COUPON | Q93: Email | R93: 628.44 | S93: =IF(OR(R93>$Z$4,R93<Z96),"No","Yes") -> No
A94: ORD200835 | B94: 45377 | C94: =YEAR(B94) -> 2024 | D94: =TEXT(B94,"mmmm") -> March | E94: ="Q"&ROUNDUP(MONTH(B94)/3,0) -> Q1 | F94: C16429 | G94: Desk | H94: 1 | I94: 679.65 | J94: 390 Main St | K94: Debit Card | L94: Shipped | M94: TRK73888013 | N94: 6 | O94: FREESHIP | P94: =IF(ISBLANK(O94),"NO COUPON",O94) -> FREESHIP | Q94: Google | R94: 679.65 | S94: =IF(OR(R94>$Z$4,R94<Z97),"No","Yes") -> No
A95: ORD200182 | B95: 45735 | C95: =YEAR(B95) -> 2025 | D95: =TEXT(B95,"mmmm") -> March | E95: ="Q"&ROUNDUP(MONTH(B95)/3,0) -> Q1 | F95: C16612 | G95: Desk | H95: 1 | I95: 600.54 | J95: 596 Main St | K95: Debit Card | L95: Pending | M95: TRK96188223 | N95: 4 | O95: WINTER15 | P95: =IF(ISBLANK(O95),"NO COUPON",O95) -> WINTER15 | Q95: Google | R95: 600.54 | S95: =IF(OR(R95>$Z$4,R95<Z98),"No","Yes") -> No
A96: ORD200849 | B96: 45817 | C96: =YEAR(B96) -> 2025 | D96: =TEXT(B96,"mmmm") -> June | E96: ="Q"&ROUNDUP(MONTH(B96)/3,0) -> Q2 | F96: C16675 | G96: Printer | H96: 4 | I96: 214.35 | J96: 664 Main St | K96: Debit Card | L96: Cancelled | M96: TRK12756945 | N96: 7 | O96: WINTER15 | P96: =IF(ISBLANK(O96),"NO COUPON",O96) -> WINTER15 | Q96: Referral | R96: 857.4 | S96: =IF(OR(R96>$Z$4,R96<Z99),"No","Yes") -> No
A97: ORD200904 | B97: 45693 | C97: =YEAR(B97) -> 2025 | D97: =TEXT(B97,"mmmm") -> February | E97: ="Q"&ROUNDUP(MONTH(B97)/3,0) -> Q1 | F97: C16693 | G97: Monitor | H97: 4 | I97: 237.43 | J97: 262 Main St | K97: Cash | L97: Cancelled | M97: TRK41146508 | N97: 8 | O97: WINTER15 | P97: =IF(ISBLANK(O97),"NO COUPON",O97) -> WINTER15 | Q97: Referral | R97: 949.72 | S97: =IF(OR(R97>$Z$4,R97<Z100),"No","Yes") -> No
A98: ORD200680 | B98: 45165 | C98: =YEAR(B98) -> 2023 | D98: =TEXT(B98,"mmmm") -> August | E98: ="Q"&ROUNDUP(MONTH(B98)/3,0) -> Q3 | F98: C16702 | G98: Monitor | H98: 3 | I98: 463.39 | J98: 694 Main St | K98: Credit Card | L98: Returned | M98: TRK16953491 | N98: 3 | P98: =IF(ISBLANK(O98),"NO COUPON",O98) -> NO COUPON | Q98: Facebook | R98: 1390.17 | S98: =IF(OR(R98>$Z$4,R98<Z101),"No","Yes") -> No
A99: ORD200478 | B99: 45597 | C99: =YEAR(B99) -> 2024 | D99: =TEXT(B99,"mmmm") -> November | E99: ="Q"&ROUNDUP(MONTH(B99)/3,0) -> Q4 | F99: C16758 | G99: Tablet | H99: 3 | I99: 62.77 | J99: 914 Main St | K99: Gift Card | L99: Shipped | M99: TRK88544431 | N99: 6 | O99: FREESHIP | P99: =IF(ISBLANK(O99),"NO COUPON",O99) -> FREESHIP | Q99: Referral | R99: 188.31 | S99: =IF(OR(R99>$Z$4,R99<Z102),"No","Yes") -> No
A100: ORD200107 | B100: 45012 | C100: =YEAR(B100) -> 2023 | D100: =TEXT(B100,"mmmm") -> March | E100: ="Q"&ROUNDUP(MONTH(B100)/3,0) -> Q1 | F100: C16775 | G100: Printer | H100: 5 | I100: 670.75 | J100: 848 Main St | K100: Gift Card | L100: Shipped | M100: TRK34392124 | N100: 8 | O100: FREESHIP | P100: =IF(ISBLANK(O100),"NO COUPON",O100) -> FREESHIP | Q100: Instagram | R100: 3353.75 | S100: =IF(OR(R100>$Z$4,R100<Z103),"No","Yes") -> No
...

Sheet Trends_Calculator
A2: ORDER TRENDS CALCULATOR
D12: Payment Method | K12: Coupon | S12: Referral Source
D13: Credit Card | K13: FREESHIP | S13: Facebook

Sheet KPIs
A2: Products | K2: Total Price | L2: =SUMIFS(Table1[TotalPrice],Table1[ReferralSource],refer,Table1[PaymentMethod],pay,Table1[CouponCode2],coupon) -> 10801.99 | P2: Average spend | Q2: =AVERAGEIFS(Table1[TotalPrice],Table1[ReferralSource],refer,Table1[PaymentMethod],pay,Table1[CouponCode2],coupon) -> 1080.199 | S2: =SUMIFS(Table1[Quantity],Table1[ReferralSource],refer,Table1[PaymentMethod],pay,Table1[CouponCode2],coupon) -> 24
A3: {=_xlfn.UNIQUE(Table1[Product])} -> Printer | B3: =COUNTIFS(Table1[Product],A3,Table1[ReferralSource],refer,Table1[PaymentMethod],pay,Table1[CouponCode2],coupon) -> 3 | D3: {=_xlfn._xlws.SORT(A3:B9,2,-1)} -> Printer | E3: 3 | H3: =IF(E3=E4,_xlfn.CONCAT(D3," and ",D4),D3) -> Printer and Monitor
A4: Laptop | B4: =COUNTIFS(Table1[Product],A4,Table1[ReferralSource],refer,Table1[PaymentMethod],pay,Table1[CouponCode2],coupon) -> 1 | D4: Monitor | E4: 3
A5: Monitor | B5: =COUNTIFS(Table1[Product],A5,Table1[ReferralSource],refer,Table1[PaymentMethod],pay,Table1[CouponCode2],coupon) -> 3 | D5: Laptop | E5: 1 | H5: =IF(E8=E9,_xlfn.CONCAT(D8," and ",D9),D9) -> Tablet
A6: Desk | B6: =COUNTIFS(Table1[Product],A6,Table1[ReferralSource],refer,Table1[PaymentMethod],pay,Table1[CouponCode2],coupon) -> 1 | D6: Desk | E6: 1
A7: Tablet | B7: =COUNTIFS(Table1[Product],A7,Table1[ReferralSource],refer,Table1[PaymentMethod],pay,Table1[CouponCode2],coupon) -> 0 | D7: Chair | E7: 1
A8: Chair | B8: =COUNTIFS(Table1[Product],A8,Table1[ReferralSource],refer,Table1[PaymentMethod],pay,Table1[CouponCode2],coupon) -> 1 | D8: Phone | E8: 1
A9: Phone | B9: =COUNTIFS(Table1[Product],A9,Table1[ReferralSource],refer,Table1[PaymentMethod],pay,Table1[CouponCode2],coupon) -> 1 | D9: Tablet | E9: 0

Sheet Order Status
A2: Order Status
A3: {=_xlfn.UNIQUE(Table1[OrderStatus])} -> Returned | B3: =COUNTIFS(Table1[OrderStatus],A3,Table1[ReferralSource],refer,Table1[PaymentMethod],pay,Table1[CouponCode2],coupon) -> 4 | D3: {=_xlfn._xlws.SORT(A3:B7,2,-1)} -> Returned | E3: 4
A4: Shipped | B4: =COUNTIFS(Table1[OrderStatus],A4,Table1[ReferralSource],refer,Table1[PaymentMethod],pay,Table1[CouponCode2],coupon) -> 3 | D4: Shipped | E4: 3
A5: Cancelled | B5: =COUNTIFS(Table1[OrderStatus],A5,Table1[ReferralSource],refer,Table1[PaymentMethod],pay,Table1[CouponCode2],coupon) -> 0 | D5: Pending | E5: 2
A6: Pending | B6: =COUNTIFS(Table1[OrderStatus],A6,Table1[ReferralSource],refer,Table1[PaymentMethod],pay,Table1[CouponCode2],coupon) -> 2 | D6: Delivered | E6: 1
A7: Delivered | B7: =COUNTIFS(Table1[OrderStatus],A7,Table1[ReferralSource],refer,Table1[PaymentMethod],pay,Table1[CouponCode2],coupon) -> 1 | D7: Cancelled | E7: 0

Sheet Year
A2: Year
A3: {=_xlfn.UNIQUE(Table1[Year])} -> 2023 | B3: =COUNTIFS(Table1[Year],A3,Table1[ReferralSource],refer,Table1[PaymentMethod],pay,Table1[CouponCode2],coupon) -> 5
A4: 2024 | B4: =COUNTIFS(Table1[Year],A4,Table1[ReferralSource],refer,Table1[PaymentMethod],pay,Table1[CouponCode2],coupon) -> 3
A5: 2025 | B5: =COUNTIFS(Table1[Year],A5,Table1[ReferralSource],refer,Table1[PaymentMethod],pay,Table1[CouponCode2],coupon) -> 2

Sheet Referral Source
A2: {=_xlfn.UNIQUE(Table1[ReferralSource])} -> Facebook | B2: =COUNTIFS(Table1[ReferralSource],A2,Table1[PaymentMethod],pay,Table1[CouponCode2],coupon) -> 10 | E2: {=_xlfn._xlws.SORT(A2:B6,2,1)} -> Instagram | F2: 9 | G2: =IF(E2=refer,F2,NA()) -> #N/A | H2: =IF(E2<>refer,F2,NA()) -> 9
A3: Instagram | B3: =COUNTIFS(Table1[ReferralSource],A3,Table1[PaymentMethod],pay,Table1[CouponCode2],coupon) -> 9 | E3: Facebook | F3: 10 | G3: =IF(E3=refer,F3,NA()) -> 10 | H3: =IF(E3<>refer,F3,NA()) -> #N/A
A4: Email | B4: =COUNTIFS(Table1[ReferralSource],A4,Table1[PaymentMethod],pay,Table1[CouponCode2],coupon) -> 17 | E4: Referral | F4: 10 | G4: =IF(E4=refer,F4,NA()) -> #N/A | H4: =IF(E4<>refer,F4,NA()) -> 10
A5: Google | B5: =COUNTIFS(Table1[ReferralSource],A5,Table1[PaymentMethod],pay,Table1[CouponCode2],coupon) -> 17 | E5: Email | F5: 17 | G5: =IF(E5=refer,F5,NA()) -> #N/A | H5: =IF(E5<>refer,F5,NA()) -> 17
A6: Referral | B6: =COUNTIFS(Table1[ReferralSource],A6,Table1[PaymentMethod],pay,Table1[CouponCode2],coupon) -> 10 | E6: Google | F6: 17 | G6: =IF(E6=refer,F6,NA()) -> #N/A | H6: =IF(E6<>refer,F6,NA()) -> 17

Sheet Coupon Code
A2: {=_xlfn.UNIQUE(Table1[CouponCode2])} -> SAVE10 | B2: =COUNTIFS(Table1[CouponCode2],A2,Table1[PaymentMethod],pay,Table1[ReferralSource],refer) -> 12 | E2: {=_xlfn._xlws.SORT(A2:B5,2,1)} -> FREESHIP | F2: 10 | G2: =IF(E2=coupon,F2,NA()) -> 10 | H2: =IF(E2<>coupon,F2,NA()) -> #N/A
A3: WINTER15 | B3: =COUNTIFS(Table1[CouponCode2],A3,Table1[PaymentMethod],pay,Table1[ReferralSource],refer) -> 12 | E3: NO COUPON | F3: 10 | G3: =IF(E3=coupon,F3,NA()) -> #N/A | H3: =IF(E3<>coupon,F3,NA()) -> 10
A4: FREESHIP | B4: =COUNTIFS(Table1[CouponCode2],A4,Table1[PaymentMethod],pay,Table1[ReferralSource],refer) -> 10 | E4: SAVE10 | F4: 12 | G4: =IF(E4=coupon,F4,NA()) -> #N/A | H4: =IF(E4<>coupon,F4,NA()) -> 12
A5: NO COUPON | B5: =COUNTIFS(Table1[CouponCode2],A5,Table1[PaymentMethod],pay,Table1[ReferralSource],refer) -> 10 | E5: WINTER15 | F5: 12 | G5: =IF(E5=coupon,F5,NA()) -> #N/A | H5: =IF(E5<>coupon,F5,NA()) -> 12

Sheet Payment Method
A2: {=_xlfn.UNIQUE(Table1[PaymentMethod])} -> Cash | B2: =COUNTIFS(Table1[PaymentMethod],A2,Table1[CouponCode2],coupon,Table1[ReferralSource],refer) -> 14 | D2: {=_xlfn._xlws.SORT(A2:B6,2,1)} -> Online | E2: 10 | F2: =IF(D2=pay,E2,NA()) -> #N/A | G2: =IF(D2<>pay,E2,NA()) -> 10
A3: Online | B3: =COUNTIFS(Table1[PaymentMethod],A3,Table1[CouponCode2],coupon,Table1[ReferralSource],refer) -> 10 | D3: Credit Card | E3: 10 | F3: =IF(D3=pay,E3,NA()) -> 10 | G3: =IF(D3<>pay,E3,NA()) -> #N/A
A4: Gift Card | B4: =COUNTIFS(Table1[PaymentMethod],A4,Table1[CouponCode2],coupon,Table1[ReferralSource],refer) -> 15 | D4: Debit Card | E4: 12 | F4: =IF(D4=pay,E4,NA()) -> #N/A | G4: =IF(D4<>pay,E4,NA()) -> 12
A5: Debit Card | B5: =COUNTIFS(Table1[PaymentMethod],A5,Table1[CouponCode2],coupon,Table1[ReferralSource],refer) -> 12 | D5: Cash | E5: 14 | F5: =IF(D5=pay,E5,NA()) -> #N/A | G5: =IF(D5<>pay,E5,NA()) -> 14
A6: Credit Card | B6: =COUNTIFS(Table1[PaymentMethod],A6,Table1[CouponCode2],coupon,Table1[ReferralSource],refer) -> 10 | D6: Gift Card | E6: 15 | F6: =IF(D6=pay,E6,NA()) -> #N/A | G6: =IF(D6<>pay,E6,NA()) -> 15

Sheet Month
A2: January | B2: =COUNTIFS(Table1[Month],A2,Table1[ReferralSource],refer,Table1[PaymentMethod],pay,Table1[CouponCode2],coupon) -> 1
A3: February | B3: =COUNTIFS(Table1[Month],A3,Table1[ReferralSource],refer,Table1[PaymentMethod],pay,Table1[CouponCode2],coupon) -> 1
A4: March | B4: =COUNTIFS(Table1[Month],A4,Table1[ReferralSource],refer,Table1[PaymentMethod],pay,Table1[CouponCode2],coupon) -> 1
A5: April | B5: =COUNTIFS(Table1[Month],A5,Table1[ReferralSource],refer,Table1[PaymentMethod],pay,Table1[CouponCode2],coupon) -> 0
A6: May | B6: =COUNTIFS(Table1[Month],A6,Table1[ReferralSource],refer,Table1[PaymentMethod],pay,Table1[CouponCode2],coupon) -> 0
A7: June | B7: =COUNTIFS(Table1[Month],A7,Table1[ReferralSource],refer,Table1[PaymentMethod],pay,Table1[CouponCode2],coupon) -> 0
A8: July | B8: =COUNTIFS(Table1[Month],A8,Table1[ReferralSource],refer,Table1[PaymentMethod],pay,Table1[CouponCode2],coupon) -> 0
A9: August | B9: =COUNTIFS(Table1[Month],A9,Table1[ReferralSource],refer,Table1[PaymentMethod],pay,Table1[CouponCode2],coupon) -> 4
A10: September | B10: =COUNTIFS(Table1[Month],A10,Table1[ReferralSource],refer,Table1[PaymentMethod],pay,Table1[CouponCode2],coupon) -> 0
A11: October | B11: =COUNTIFS(Table1[Month],A11,Table1[ReferralSource],refer,Table1[PaymentMethod],pay,Table1[CouponCode2],coupon) -> 1
A12: November | B12: =COUNTIFS(Table1[Month],A12,Table1[ReferralSource],refer,Table1[PaymentMethod],pay,Table1[CouponCode2],coupon) -> 1
A13: December | B13: =COUNTIFS(Table1[Month],A13,Table1[ReferralSource],refer,Table1[PaymentMethod],pay,Table1[CouponCode2],coupon) -> 1

Sheet Product
A2: {=_xlfn.UNIQUE(Table1[Product])} -> Printer | B2: =COUNTIFS(Table1[Product],Product!A2,Table1[ReferralSource],refer,Table1[PaymentMethod],pay,Table1[CouponCode2],coupon) -> 3 | D2: {=_xlfn._xlws.SORT(A2:B8,2,-1)} -> Printer | E2: 3
A3: Laptop | B3: =COUNTIFS(Table1[Product],Product!A3,Table1[ReferralSource],refer,Table1[PaymentMethod],pay,Table1[CouponCode2],coupon) -> 1 | D3: Monitor | E3: 3
A4: Monitor | B4: =COUNTIFS(Table1[Product],Product!A4,Table1[ReferralSource],refer,Table1[PaymentMethod],pay,Table1[CouponCode2],coupon) -> 3 | D4: Laptop | E4: 1
A5: Desk | B5: =COUNTIFS(Table1[Product],Product!A5,Table1[ReferralSource],refer,Table1[PaymentMethod],pay,Table1[CouponCode2],coupon) -> 1 | D5: Desk | E5: 1
A6: Tablet | B6: =COUNTIFS(Table1[Product],Product!A6,Table1[ReferralSource],refer,Table1[PaymentMethod],pay,Table1[CouponCode2],coupon) -> 0 | D6: Chair | E6: 1
A7: Chair | B7: =COUNTIFS(Table1[Product],Product!A7,Table1[ReferralSource],refer,Table1[PaymentMethod],pay,Table1[CouponCode2],coupon) -> 1 | D7: Phone | E7: 1
A8: Phone | B8: =COUNTIFS(Table1[Product],Product!A8,Table1[ReferralSource],refer,Table1[PaymentMethod],pay,Table1[CouponCode2],coupon) -> 1 | D8: Tablet | E8: 0

Sheet Quarter
A2: {=_xlfn.UNIQUE(Table1[Quarter])} -> Q4 | B2: =COUNTIFS(Table1[Quarter],Quarter!A2,Table1[ReferralSource],refer,Table1[PaymentMethod],pay,Table1[CouponCode2],coupon) -> 3 | D2: {=_xlfn._xlws.SORT(A2:B5,1,1)} -> Q1 | E2: 3
A3: Q2 | B3: =COUNTIFS(Table1[Quarter],Quarter!A3,Table1[ReferralSource],refer,Table1[PaymentMethod],pay,Table1[CouponCode2],coupon) -> 0 | D3: Q2 | E3: 0
A4: Q3 | B4: =COUNTIFS(Table1[Quarter],Quarter!A4,Table1[ReferralSource],refer,Table1[PaymentMethod],pay,Table1[CouponCode2],coupon) -> 4 | D4: Q3 | E4: 4
A5: Q1 | B5: =COUNTIFS(Table1[Quarter],Quarter!A5,Table1[ReferralSource],refer,Table1[PaymentMethod],pay,Table1[CouponCode2],coupon) -> 3 | D5: Q4 | E5: 3

Sheet Pivot Table
A2: Quarterly Order Trends | D2: Orders by Referral Source | G2: Products by Total Price | J2: Monthly Ordering Trend
A3: Row Labels | B3: Total Orders | D3: Row Labels | E3: Total Orders | G3: Row Labels | H3: Total Quantity | J3: Row Labels | K3: Total Quantity
A4: Q1 | B4: 340 | D4: Email | E4: 250 | G4: Chair | H4: 244 | J4: January | K4: 328
A5: Q2 | B5: 380 | D5: Facebook | E5: 228 | G5: Desk | H5: 200 | J5: February | K5: 303
A6: Q3 | B6: 239 | D6: Google | E6: 241 | G6: Laptop | H6: 229 | J6: March | K6: 367
A7: Q4 | B7: 241 | D7: Instagram | E7: 259 | G7: Monitor | H7: 205 | J7: April | K7: 320
A8: Grand Total | B8: 1200 | D8: Referral | E8: 222 | G8: Phone | H8: 178 | J8: May | K8: 356
D9: Grand Total | E9: 1200 | G9: Printer | H9: 243 | J9: June | K9: 458
G10: Tablet | H10: 225 | J10: July | K10: 243
G11: Grand Total | H11: 1524 | J11: August | K11: 260
J12: September | K12: 208
A13: Total Price per Year | D13: Trends in Coupon Usage | J13: October | K13: 241
A14: Row Labels | B14: Total Price | D14: Row Labels | E14: Total Orders | J14: November | K14: 211
A15: 2023 | B15: 0.43695435 | D15: FREESHIP | E15: 313 | J15: December | K15: 240
A16: 2024 | B16: 0.37970455 | D16: NO COUPON | E16: 309 | J16: Grand Total | K16: 3535
A17: 2025 | B17: 0.1833411 | D17: SAVE10 | E17: 286
A18: Grand Total | B18: 1 | D18: WINTER15 | E18: 292
D19: Grand Total | E19: 1200

Sheet Dashboard
